키워드 ID,입찰가
nkw-a001-01-000008364157961,2000
nkw-a001-01-000008364157962,2000
nkw-a001-01-000008364157963,2000
nkw-a001-01-000008364157964,2000
nkw-a001-01-000008364157965,2000
nkw-a001-01-000008364157966,2000
nkw-a001-01-000008364157967,2000
nkw-a001-01-000008364157968,2000
nkw-a001-01-000008364157969,2000
nkw-a001-01-000008364157970,2000
nkw-a001-01-000008364157971,2000
nkw-a001-01-000008364157972,2000
nkw-a001-01-000008364157973,2000
nkw-a001-01-000008364157974,2000
nkw-a001-01-000008364157975,2000
nkw-a001-01-000008364157976,2000
nkw-a001-01-000008364157977,2000
nkw-a001-01-000008364157978,2000
nkw-a001-01-000008364157979,2000
nkw-a001-01-000008364157981,2000
nkw-a001-01-000008364157982,2000
nkw-a001-01-000008364157985,2000
nkw-a001-01-000008364157987,2000
nkw-a001-01-000008364157989,2000
nkw-a001-01-000008364157991,2000
nkw-a001-01-000008364157993,2000
nkw-a001-01-000008364157995,2000
nkw-a001-01-000008364157997,2000
nkw-a001-01-000008364157999,2000
nkw-a001-01-000008364158003,2000
nkw-a001-01-000008364158005,2000
nkw-a001-01-000008364158007,2000
nkw-a001-01-000008364158009,2000
nkw-a001-01-000008364158011,2000
nkw-a001-01-000008364165970,2000
nkw-a001-01-000008364165971,2000
nkw-a001-01-000008364165972,2000
nkw-a001-01-000008364165973,2000
nkw-a001-01-000008364165974,2000
nkw-a001-01-000008364165975,2000
nkw-a001-01-000008364165976,2000
nkw-a001-01-000008364165977,2000
nkw-a001-01-000008364165978,2000
nkw-a001-01-000008364165980,2000
nkw-a001-01-000008364165984,2000
nkw-a001-01-000008364165986,2000
nkw-a001-01-000008364165988,2000
nkw-a001-01-000008364165990,2000
nkw-a001-01-000008364165992,2000
nkw-a001-01-000008364165993,2000
nkw-a001-01-000008364165995,2000
nkw-a001-01-000008364165997,2000
nkw-a001-01-000008364165998,2000
nkw-a001-01-000008364166000,2000
nkw-a001-01-000008364166001,2000
nkw-a001-01-000008364166004,2000
nkw-a001-01-000008364166006,2000
nkw-a001-01-000008364166008,2000
nkw-a001-01-000008364166010,2000
nkw-a001-01-000008364166012,2000
nkw-a001-01-000008364166014,2000
nkw-a001-01-000008364166016,2000
nkw-a001-01-000008364166017,2000
nkw-a001-01-000008364166019,2000
nkw-a001-01-000008364166021,2000
nkw-a001-01-000008364166023,2000
nkw-a001-01-000008364166025,2000
nkw-a001-01-000008364166027,2000
nkw-a001-01-000008364169079,2000
nkw-a001-01-000008364169080,2000
nkw-a001-01-000008364169081,2000
nkw-a001-01-000008364169082,2000
nkw-a001-01-000008364169083,2000
nkw-a001-01-000008364169084,2000
nkw-a001-01-000008364169085,2000
nkw-a001-01-000008364169086,2000
nkw-a001-01-000008364169087,2000
nkw-a001-01-000008364169088,2000
nkw-a001-01-000008364169089,2000
nkw-a001-01-000008364169090,2000
nkw-a001-01-000008364169091,2000
nkw-a001-01-000008364169092,2000
nkw-a001-01-000008364169093,2000
nkw-a001-01-000008364169094,2000
nkw-a001-01-000008364169095,2000
nkw-a001-01-000008364169096,2000
nkw-a001-01-000008364169097,2000
nkw-a001-01-000008364169098,2000
nkw-a001-01-000008364169099,2000
nkw-a001-01-000008364169100,2000
nkw-a001-01-000008364169101,2000
nkw-a001-01-000008364169102,2000
nkw-a001-01-000008364169103,2000
nkw-a001-01-000008364169104,2000
nkw-a001-01-000008364169105,2000
nkw-a001-01-000008364169106,2000
nkw-a001-01-000008364169107,2000
nkw-a001-01-000008364169108,2000
nkw-a001-01-000008364169109,2000
nkw-a001-01-000008364169111,2000
nkw-a001-01-000008364169113,2000
nkw-a001-01-000008364365148,2000
nkw-a001-01-000008364365150,2000
nkw-a001-01-000008364365152,2000
nkw-a001-01-000008364365154,2000
nkw-a001-01-000008364365156,2000
nkw-a001-01-000008364365158,2000
nkw-a001-01-000008364365160,2000
nkw-a001-01-000008364365162,2000
nkw-a001-01-000008364365163,2000
nkw-a001-01-000008364365165,2000
nkw-a001-01-000008364365167,2000
nkw-a001-01-000008364365169,2000
nkw-a001-01-000008364365171,2000
nkw-a001-01-000008364365173,2000
nkw-a001-01-000008364365176,2000
nkw-a001-01-000008364365178,2000
nkw-a001-01-000008364365179,2000
nkw-a001-01-000008364365181,2000
nkw-a001-01-000008364365182,2000
nkw-a001-01-000008364365184,2000
nkw-a001-01-000008364365186,2000
nkw-a001-01-000008364365188,2000
nkw-a001-01-000008364365190,2000
nkw-a001-01-000008364365191,2000
nkw-a001-01-000008364365193,2000
nkw-a001-01-000008364365195,2000
nkw-a001-01-000008364365197,2000
nkw-a001-01-000008364365199,2000
nkw-a001-01-000008364365201,2000
nkw-a001-01-000008364365203,2000
nkw-a001-01-000008364365205,2000
nkw-a001-01-000008364365207,2000
nkw-a001-01-000008364365209,2000
nkw-a001-01-000008364365211,2000
nkw-a001-01-000008392974260,2000
nkw-a001-01-000008392974262,2000
nkw-a001-01-000008392974263,2000
nkw-a001-01-000008392974264,2000
nkw-a001-01-000008392974265,2000
nkw-a001-01-000008392974266,2000
nkw-a001-01-000008392974268,2000
nkw-a001-01-000008392974269,2000
nkw-a001-01-000008392974270,2000
nkw-a001-01-000008392974271,2000
nkw-a001-01-000008392974272,2000
nkw-a001-01-000008392974273,2000
nkw-a001-01-000008392974274,2000
nkw-a001-01-000008392974275,2000
nkw-a001-01-000008392974276,2000
nkw-a001-01-000008392974277,2000
nkw-a001-01-000008392974278,2000
nkw-a001-01-000008392974279,2000
nkw-a001-01-000008392974280,2000
nkw-a001-01-000008392974281,2000
nkw-a001-01-000008392974282,2000
nkw-a001-01-000008392974283,2000
nkw-a001-01-000008392974284,2000
nkw-a001-01-000008392974285,2000
nkw-a001-01-000008392974286,2000
nkw-a001-01-000008392974287,2000
nkw-a001-01-000008392974288,2000
nkw-a001-01-000008392974289,2000
nkw-a001-01-000008392974290,2000
nkw-a001-01-000008392974291,2000
nkw-a001-01-000008392974292,2000
nkw-a001-01-000008403249169,3000
nkw-a001-01-000008403249170,3000
nkw-a001-01-000008403249172,3000
nkw-a001-01-000008403249173,3000
nkw-a001-01-000008403249174,3000
nkw-a001-01-000008403249176,3000
nkw-a001-01-000008403249177,3000
nkw-a001-01-000008403249178,3000
nkw-a001-01-000008403249179,3000
nkw-a001-01-000008403249180,3000
nkw-a001-01-000008403249181,3000
nkw-a001-01-000008403249182,3000
nkw-a001-01-000008403249183,3000
nkw-a001-01-000008403249184,3000
nkw-a001-01-000008403249185,3000
nkw-a001-01-000008403249186,3000
nkw-a001-01-000008403249187,3000
nkw-a001-01-000008403249188,3000
nkw-a001-01-000008403249189,3000
nkw-a001-01-000008403249190,3000
nkw-a001-01-000008403249191,3000
nkw-a001-01-000008403249192,3000
nkw-a001-01-000008403249193,3000
nkw-a001-01-000008403249194,3000
nkw-a001-01-000008403249195,3000
nkw-a001-01-000008403249196,3000
nkw-a001-01-000008403249197,3000
nkw-a001-01-000008403249198,3000
nkw-a001-01-000008403249199,3000
nkw-a001-01-000008403249200,3000
nkw-a001-01-000008403249201,3000
