광고그룹 ID,키워드,입찰가
grp-a001-01-000000070185143,인천에어컨가스충전,3000
grp-a001-01-000000070185143,인천에어컨냉매충전,3000
grp-a001-01-000000070185143,인천에어컨가스충전가격,3000
grp-a001-01-000000070185143,인천에어컨가스충전비용,3000
grp-a001-01-000000070185143,인천에어컨가스충전비,3000
grp-a001-01-000000070185143,인천에어컨가스충전업체,3000
grp-a001-01-000000070185143,인천에어컨냉매충전가격,3000
grp-a001-01-000000070185143,인천에어컨냉매충전비용,3000
grp-a001-01-000000070185143,인천에어컨냉매충전업체,3000
grp-a001-01-000000070185143,인천에어컨가스보충,3000
grp-a001-01-000000070185143,인천에어컨냉매보충,3000
grp-a001-01-000000070185143,인천에어컨가스주입비용,3000
grp-a001-01-000000070185143,인천에어컨냉매가스충전,3000
grp-a001-01-000000070185143,인천에어컨냉매가스충전비용,3000
grp-a001-01-000000070185143,인천에어컨충전,3000
grp-a001-01-000000070185143,인천에어컨충전비용,3000
grp-a001-01-000000070185143,인천에어콘가스충전,3000
grp-a001-01-000000070185143,인천에어콘가스충전비용,3000
grp-a001-01-000000070185143,인천벽걸이에어컨가스충전,3000
grp-a001-01-000000070185143,인천벽걸이에어컨가스충전가격,3000
grp-a001-01-000000070185143,인천벽걸이에어컨가스충전비용,3000
grp-a001-01-000000070185143,인천벽걸이에어컨냉매충전,3000
grp-a001-01-000000070185143,인천스탠드에어컨가스충전,3000
grp-a001-01-000000070185143,인천스탠드에어컨가스충전비용,3000
grp-a001-01-000000070185143,인천스탠드에어컨냉매충전가격,3000
grp-a001-01-000000070185143,인천시스템에어컨가스충전,3000
grp-a001-01-000000070185143,인천시스템에어컨가스충전비용,3000
grp-a001-01-000000070185143,인천천장형에어컨가스충전,3000
grp-a001-01-000000070185143,인천LG에어컨가스충전,3000
grp-a001-01-000000070185143,인천LG에어컨냉매충전,3000
grp-a001-01-000000070185143,인천삼성에어컨가스충전,3000
grp-a001-01-000000070185143,인천삼성에어컨냉매충전,3000
grp-a001-01-000000070185143,인천캐리어에어컨가스충전,3000
grp-a001-01-000000070185143,인천캐리어에어컨냉매충전,3000
grp-a001-01-000000070185143,인천위니아에어컨가스충전,3000
grp-a001-01-000000070185143,인천휘센에어컨냉매충전,3000
grp-a001-01-000000070185143,인천에어컨이안시원해요,3000
