product_order_id,naver_settled_date,정산예정금액
2026030641411941,2026-04-06,142600
2026030939427811,2026-04-06,277456
2026030939427821,2026-04-06,27387
2026032364517651,2026-04-06,70400
2026032486275211,2026-04-06,68940
2026032488827321,2026-04-06,52885
2026032488827331,2026-04-06,9444
2026032489069321,2026-04-06,68995
2026032491502931,2026-04-06,91132
2026032491502941,2026-04-06,101049
2026032561645401,2026-04-06,351778
2026032698224161,2026-04-06,49108
2026032698224171,2026-04-06,9444
2026032612543941,2026-04-06,68940
2026032614982271,2026-04-06,280478
2026032626642231,2026-04-06,94437
2026032884227041,2026-04-06,49108
2026032918841521,2026-04-06,67995
2026032921498911,2026-04-06,49108
2026033080852711,2026-04-06,54774
2026033081041731,2026-04-06,94910
2026033081041741,2026-04-06,47691
2026033048124091,2026-04-06,97271
2026033130073491,2026-04-06,93965
2026033130073501,2026-04-06,52413
2026040142941261,2026-04-06,280007
2026040146484821,2026-04-06,50620
2026040171723781,2026-04-06,330089
2026040176351941,2026-04-06,50394
2026040295253991,2026-04-06,223400
2026030756540681,2026-04-06,199640
2026030756540691,2026-04-06,92927
2026030763218081,2026-04-06,190574
2026030768553771,2026-04-06,102937
2026031860779411,2026-04-06,51941
2026032187811211,2026-04-06,142601
2026032363107841,2026-04-06,54005
2026032363107851,2026-04-06,9644
2026032548371181,2026-04-06,52886
2026032548371191,2026-04-06,4628
2026032577397311,2026-04-06,47737
2026032577397321,2026-04-06,97884
2026032878442811,2026-04-06,50148
2026032878549051,2026-04-06,50148
2026032878549061,2026-04-06,9644
2026032890734671,2026-04-06,92549
2026032890734681,2026-04-06,27387
2026032925994851,2026-04-06,135990
2026032937630981,2026-04-06,94910
2026032937630991,2026-04-06,46747
2026033067987391,2026-04-06,53830
2026040135551581,2026-04-06,50393
2026040135551591,2026-04-06,9444
2026040150368101,2026-04-06,104826
2026040369643661,2026-04-06,69412
2026040369643671,2026-04-06,9444
2026030895526141,2026-04-06,423267
2026030895526151,2026-04-06,56663
2026030815940121,2026-04-06,47267
2026030815940131,2026-04-06,84994
2026030816869271,2026-04-06,98215
2026030816869281,2026-04-06,51942
2026031837506541,2026-04-06,48683
2026031837506551,2026-04-06,93069
2026032044278701,2026-04-06,96327
2026032412034541,2026-04-06,48163
2026032758367321,2026-04-06,98848
2026032758367331,2026-04-06,48701
2026032887406661,2026-04-06,69435
2026033081378321,2026-04-06,94910
2026033081378331,2026-04-06,47691
2026040137778461,2026-04-06,95854
2026040147905091,2026-04-06,50393
2026031081502901,2026-04-08,97648
2026031081502911,2026-04-08,65823
2026031085613701,2026-04-08,277456
2026031019071911,2026-04-08,48268
2026031023630561,2026-04-08,47267
2026032687620091,2026-04-08,95854
2026032687620101,2026-04-08,51469
2026032751442911,2026-04-08,143923
2026032938542971,2026-04-08,49108
2026033057002611,2026-04-08,135990
2026033067571001,2026-04-08,140712
2026033068562001,2026-04-08,67996
2026033122581771,2026-04-08,89999
2026033122581781,2026-04-08,52414
2026033127742631,2026-04-08,92360
2026033129459731,2026-04-08,93965
2026033129459741,2026-04-08,52413
2026040144691651,2026-04-08,50393
2026040152475151,2026-04-08,138351
2026040168014111,2026-04-08,100104
2026040168014121,2026-04-08,9444
2026040214767701,2026-04-08,107659
2026040367553491,2026-04-08,69412
2026040413659841,2026-04-08,100104
2026031138714631,2026-04-09,65184
2026031138714641,2026-04-09,112416
2026031139474421,2026-04-09,47267
2026031142135891,2026-04-09,206912
2026031142135901,2026-04-09,28332
2026032351932281,2026-04-09,68940
2026032413737601,2026-04-09,95854
2026032413737611,2026-04-09,50524
2026032413737621,2026-04-09,9444
2026032430337721,2026-04-09,49183
2026032559369591,2026-04-09,95854
2026032559369601,2026-04-09,45802
2026032559369611,2026-04-09,47219
2026032571272781,2026-04-09,95854
2026032571272791,2026-04-09,102937
2026032615749771,2026-04-09,49108
2026032631256261,2026-04-09,96798
2026032631256271,2026-04-09,46747
2026032631256281,2026-04-09,4628
2026032744623691,2026-04-09,50053
2026033063949451,2026-04-09,206345
2026033192027471,2026-04-09,93871
2026033192027481,2026-04-09,52413
2026033199100881,2026-04-09,68373
2026033199100891,2026-04-09,4628
2026033199100901,2026-04-09,9444
2026033199679901,2026-04-09,50940
2026040146534551,2026-04-09,137406
2026040147810071,2026-04-09,93493
2026040147810081,2026-04-09,48032
2026040166649061,2026-04-09,210595
2026040214165271,2026-04-09,69412
2026040363671111,2026-04-09,50393
2026040529398391,2026-04-09,62801
2026040529398401,2026-04-09,110020
2026040672688591,2026-04-09,50393
2026031169949641,2026-04-10,47268
2026031214713661,2026-04-10,162208
2026031214713671,2026-04-10,9644
2026031214727391,2026-04-10,100140
2026031214727401,2026-04-10,51961
2026031288213641,2026-04-10,68940
2026031792733321,2026-04-10,278967
2026032571493911,2026-04-10,68940
2026032748296731,2026-04-10,284256
2026032895368471,2026-04-10,49108
2026033069152221,2026-04-10,94910
2026033069152231,2026-04-10,46747
2026033071430431,2026-04-10,96920
2026033071430441,2026-04-10,52559
2026033071430451,2026-04-10,9645
2026033194522681,2026-04-10,89999
2026033194522691,2026-04-10,47691
2026033194522701,2026-04-10,4628
2026033194522711,2026-04-10,9444
2026040150667451,2026-04-10,97272
2026040150667461,2026-04-10,52414
2026040169630841,2026-04-10,52413
2026040169630851,2026-04-10,102465
2026040221329141,2026-04-10,71364
2026040221329151,2026-04-10,27967
2026040287385361,2026-04-10,52414
2026040287385371,2026-04-10,96799
2026040361295981,2026-04-10,69412
2026040532497881,2026-04-10,215317
2026040532497891,2026-04-10,28332
2026040541353201,2026-04-10,97271
2026040541679091,2026-04-10,52414
2026040541679101,2026-04-10,67051
2026040692984961,2026-04-10,50393
2026040858409141,2026-04-10,50393
2026031214763621,2026-04-13,283333
2026031285382571,2026-04-13,47267
2026031344022281,2026-04-13,70400
2026031344429171,2026-04-13,145620
2026031350378381,2026-04-13,277456
2026031646995991,2026-04-13,208045
2026032631602711,2026-04-13,137879
2026032734259601,2026-04-13,69884
2026032871935491,2026-04-13,53830
2026032999417321,2026-04-13,49108
2026040145439231,2026-04-13,68468
2026040181076581,2026-04-13,50393
2026040219047791,2026-04-13,54774
2026040219047801,2026-04-13,27387
2026040231736571,2026-04-13,100104
2026040493073711,2026-04-13,50393
2026040493073721,2026-04-13,27387
2026040498804481,2026-04-13,69412
2026040921815861,2026-04-13,282367
2026031359780071,2026-04-13,84049
2026031474443981,2026-04-13,114761
2026032375068091,2026-04-13,140799
2026032551518591,2026-04-13,97884
2026032616806921,2026-04-13,91133
2026032616806931,2026-04-13,102938
2026032755536441,2026-04-13,50052
2026032883470501,2026-04-13,94509
2026032888017801,2026-04-13,135990
2026032920506661,2026-04-13,140712
2026032921589641,2026-04-13,94910
2026032921589651,2026-04-13,51469
2026033064530261,2026-04-13,67995
2026033199624281,2026-04-13,207479
2026033122667781,2026-04-13,54774
2026033122667791,2026-04-13,4628
2026040227824021,2026-04-13,97271
2026040235918411,2026-04-13,69412
2026040235918421,2026-04-13,9444
2026040294405081,2026-04-13,50052
2026040348068291,2026-04-13,97271
2026040492305241,2026-04-13,282367
2026040875071041,2026-04-13,50393
2026040875071051,2026-04-13,9445
2026031790260261,2026-04-13,65162
2026031992825521,2026-04-13,56663
2026031992825531,2026-04-13,4628
2026032557665351,2026-04-13,95854
2026032557665361,2026-04-13,50524
2026032692197381,2026-04-13,137879
2026033116748611,2026-04-13,96232
2026040229332521,2026-04-13,69412
2026040230693641,2026-04-13,50393
2026040289349411,2026-04-13,96798
2026040289349421,2026-04-13,52413
2026040664815481,2026-04-13,97271
2026040930828561,2026-04-13,50053
2026031486765281,2026-04-14,100198
2026031486765291,2026-04-14,62423
2026031649748171,2026-04-14,92643
2026031649748181,2026-04-14,98404
2026031649748191,2026-04-14,84049
2026031649748201,2026-04-14,18888
2026032623495541,2026-04-14,71300
2026032623495551,2026-04-14,52413
2026032886163371,2026-04-14,276702
2026033066559461,2026-04-14,206345
2026033066559471,2026-04-14,27387
2026033121473491,2026-04-14,53523
2026033121473501,2026-04-14,91905
2026033121473511,2026-04-14,9644
2026040135709901,2026-04-14,137406
2026040237703191,2026-04-14,50393
2026040363089011,2026-04-14,152516
2026040486632771,2026-04-14,104826
2026040486632781,2026-04-14,18888
2026040496772501,2026-04-14,94910
2026040496772511,2026-04-14,52413
2026040551369211,2026-04-14,50393
2026040672506621,2026-04-14,143545
2026040673410431,2026-04-14,50393
2026040871617291,2026-04-14,138879
2026040873426091,2026-04-14,94910
2026040873426101,2026-04-14,52413
2026031679471071,2026-04-15,192085
2026031793788071,2026-04-15,47267
2026031712948071,2026-04-15,48268
2026031713978161,2026-04-15,68940
2026032212759591,2026-04-15,95474
2026032218721721,2026-04-15,48163
2026032222875601,2026-04-15,95854
2026032222875611,2026-04-15,45802
2026032228170301,2026-04-15,84049
2026032367289041,2026-04-15,46772
2026032367289051,2026-04-15,97884
2026032617603711,2026-04-15,95854
2026032617603721,2026-04-15,46747
2026033071703031,2026-04-15,92605
2026040367347921,2026-04-15,107659
2026040490873991,2026-04-15,100104
2026040533991431,2026-04-15,210595
2026040533991441,2026-04-15,28332
2026040546629691,2026-04-15,210596
2026040662407761,2026-04-15,97271
2026040917867591,2026-04-15,50393
2026041076744641,2026-04-15,208046
2026041194957591,2026-04-15,47313
2026041194957601,2026-04-15,193785
2026041234164981,2026-04-15,50393
2026041234164991,2026-04-15,9444
2026031839968891,2026-04-16,276890
2026031839968901,2026-04-16,37776
2026031842298901,2026-04-16,73661
2026031842298911,2026-04-16,4628
2026031842298921,2026-04-16,9444
2026031868524751,2026-04-16,51941
2026032222696861,2026-04-16,68940
2026032344977291,2026-04-16,48163
2026032423810021,2026-04-16,96326
2026032556296321,2026-04-16,48163
2026032560469661,2026-04-16,48164
2026033066312551,2026-04-16,46747
2026033066312561,2026-04-16,94910
2026033066312571,2026-04-16,18888
2026040211551521,2026-04-16,99159
2026040345416661,2026-04-16,52413
2026040345416671,2026-04-16,94910
2026040715532921,2026-04-16,94910
2026040715532931,2026-04-16,104826
2026040728401151,2026-04-16,99632
2026040868299441,2026-04-16,69412
2026040942439761,2026-04-16,94910
2026040942439771,2026-04-16,52413
2026041079313291,2026-04-16,140027
2026041359031811,2026-04-16,69412
2026041381874441,2026-04-16,50393
2026041387426111,2026-04-16,280856
2026041314268121,2026-04-16,50393
2026041314268131,2026-04-16,9444
2026041314268141,2026-04-16,9444
2026041419130841,2026-04-16,50052
2026041419130851,2026-04-16,9444
2026031975864651,2026-04-17,162208
2026031977735721,2026-04-17,88771
2026031977735731,2026-04-17,9444
2026031983539891,2026-04-17,73661
2026032225342011,2026-04-17,137879
2026032548394441,2026-04-17,137879
2026033112216781,2026-04-17,89999
2026033112216791,2026-04-17,52413
2026040370680471,2026-04-17,69412
2026040377538431,2026-04-17,69413
2026040939113911,2026-04-17,104826
2026041068636401,2026-04-17,50393
2026041197578051,2026-04-17,50394
2026041227033271,2026-04-17,69412
2026041379526861,2026-04-17,54774
2026041421700341,2026-04-17,69412
2026041440848991,2026-04-17,54968
2026041443119301,2026-04-17,67269
2026041443119311,2026-04-17,53079
2026041456533671,2026-04-17,102087
2026041456533681,2026-04-17,52980
2026041571261971,2026-04-17,55719
2026041571261981,2026-04-17,9444
2026041586725201,2026-04-17,104826
2026032416903481,2026-04-20,114761
2026032568728071,2026-04-20,63745
2026032568728081,2026-04-20,110020
2026033058106091,2026-04-20,94509
2026033071613571,2026-04-20,92098
2026033071613581,2026-04-20,105117
2026033071613591,2026-04-20,9452
2026033079038901,2026-04-20,67996
2026033192988721,2026-04-20,89999
2026033192988731,2026-04-20,104826
2026033192988741,2026-04-20,27387
2026040210892191,2026-04-20,96798
2026040210892201,2026-04-20,52413
2026040210892211,2026-04-20,4628
2026040210892221,2026-04-20,9444
2026040219138961,2026-04-20,103881
2026040223082791,2026-04-20,138823
2026040225495111,2026-04-20,94910
2026040225495121,2026-04-20,52413
2026040371812551,2026-04-20,69412
2026040549175451,2026-04-20,50393
2026040920767201,2026-04-20,74134
2026040920767211,2026-04-20,9445
2026040926478741,2026-04-20,99632
2026040926478751,2026-04-20,52414
2026041076876081,2026-04-20,51460
2026041231980791,2026-04-20,69412
2026041360689321,2026-04-20,50620
2026041310783421,2026-04-20,138067
2026041432752001,2026-04-20,70106
2026041436337451,2026-04-20,74134
2026041440245781,2026-04-20,209685
2026041444101821,2026-04-20,53057
2026041444101831,2026-04-20,102233
2026041559203451,2026-04-20,104826
2026041559203461,2026-04-20,4628
2026041561085641,2026-04-20,74661
2026041562278641,2026-04-20,104826
2026012644651621,2026-04-20,-19011
2026032061597381,2026-04-20,69884
2026032174095021,2026-04-20,50052
2026032175797611,2026-04-20,84049
2026032886659301,2026-04-20,94910
2026032919756781,2026-04-20,417412
2026040871130601,2026-04-20,99632
2026040871130611,2026-04-20,52413
2026041070164511,2026-04-20,50393
2026041083302141,2026-04-20,50393
2026041083302151,2026-04-20,9444
2026041119909881,2026-04-20,50393
2026041252956491,2026-04-20,97271
2026041241808281,2026-04-20,50393
2026041375608801,2026-04-20,69412
2026041416659681,2026-04-20,94532
2026041416659691,2026-04-20,104070
2026041422644081,2026-04-20,112381
2026041422644091,2026-04-20,9445
2026041435792201,2026-04-20,54774
2026041440321161,2026-04-20,94639
2026041440321171,2026-04-20,104187
2026041449115801,2026-04-20,74606
2026041449115811,2026-04-20,9444
2026041583850441,2026-04-20,359333
2026041589867911,2026-04-20,104826
2026041589867921,2026-04-20,27387
2026032218813901,2026-04-20,85830
2026032218813911,2026-04-20,4823
2026032223272401,2026-04-20,88771
2026032232301881,2026-04-20,71300
2026032232301891,2026-04-20,45802
2026032699584591,2026-04-20,46747
2026032699584601,2026-04-20,95854
2026032699584611,2026-04-20,47219
2026032887600641,2026-04-20,53830
2026032890388401,2026-04-20,92549
2026032890388411,2026-04-20,9444
2026032925317841,2026-04-20,92549
2026033053182421,2026-04-20,94910
2026033053182431,2026-04-20,46747
2026033053182441,2026-04-20,27387
2026033053182451,2026-04-20,47219
2026040527150751,2026-04-20,282367
2026040728873031,2026-04-20,94910
2026040728873041,2026-04-20,52413
2026041078232551,2026-04-20,137123
2026041375315761,2026-04-20,99254
2026041375315771,2026-04-20,52035
2026041584214921,2026-04-20,143734
2026041810417561,2026-04-20,105865
2026041810417571,2026-04-20,63368
2026032365512211,2026-04-21,93494
2026032368323381,2026-04-21,93493
2026032343760391,2026-04-21,52885
2026032754296601,2026-04-21,211162
2026032920503741,2026-04-21,46747
2026032920503751,2026-04-21,94910
2026033064894571,2026-04-21,206345
2026040164964631,2026-04-21,138823
2026040376638201,2026-04-21,50393
2026040495730801,2026-04-21,50393
2026040675763281,2026-04-21,96920
2026040675763291,2026-04-21,53523
2026040675763301,2026-04-21,9644
2026040874156391,2026-04-21,100104
2026041083195061,2026-04-21,94533
2026041083195071,2026-04-21,52036
2026041083195081,2026-04-21,4628
2026041199802751,2026-04-21,99331
2026041416490441,2026-04-21,51460
2026041432614261,2026-04-21,54968
2026041447148951,2026-04-21,74828
2026041448148471,2026-04-21,55718
2026041449105281,2026-04-21,104826
2026041625565801,2026-04-21,108603
2026041641353881,2026-04-21,115308
2026041641353891,2026-04-21,126735
2026032355828231,2026-04-22,95854
2026032355828241,2026-04-22,45803
2026032375413781,2026-04-22,70400
2026032343576201,2026-04-22,-48163
2026032418363881,2026-04-22,48163
2026032426667551,2026-04-22,46772
2026032426667561,2026-04-22,97884
2026032887043551,2026-04-22,92604
2026040224457151,2026-04-22,106242
2026040224457161,2026-04-22,67523
2026040683628511,2026-04-22,50393
2026040872940271,2026-04-22,99331
2026041254125211,2026-04-22,50393
2026041254125221,2026-04-22,4628
2026041245101901,2026-04-22,54774
2026041311829971,2026-04-22,99331
2026041424573031,2026-04-22,280856
2026041429835091,2026-04-22,74356
2026041429857491,2026-04-22,50393
2026041433270081,2026-04-22,99400
2026041433270091,2026-04-22,52113
2026041441224191,2026-04-22,99400
2026041441224201,2026-04-22,52113
2026041441720801,2026-04-22,285801
2026041450213111,2026-04-22,104826
2026041450213121,2026-04-22,9444
2026041585437241,2026-04-22,55718
2026041638265431,2026-04-22,66106
2026041638265441,2026-04-22,9444
2026041657008241,2026-04-22,77439
2026041813760881,2026-04-22,75456
2026041819740161,2026-04-22,64218
2026041819740171,2026-04-22,9444
2026041819740181,2026-04-22,9444
2026041936435251,2026-04-22,64218
2026032483430561,2026-04-23,209179
2026032423913661,2026-04-23,48163
2026032423913671,2026-04-23,9444
2026032541614591,2026-04-23,48163
2026032541614601,2026-04-23,4628
2026032541614611,2026-04-23,9444
2026032546270921,2026-04-23,52885
2026032551518601,2026-04-23,46772
2026032566864621,2026-04-23,68940
2026032571198181,2026-04-23,137879
2026033050331401,2026-04-23,46747
2026033050331411,2026-04-23,94910
2026040214063061,2026-04-23,51460
2026040240045691,2026-04-23,50393
2026040351145741,2026-04-23,50393
2026040369652341,2026-04-23,65162
2026040487508041,2026-04-23,138351
2026040550422461,2026-04-23,69412
2026040727219721,2026-04-23,143545
2026040727219731,2026-04-23,18888
2026041248253061,2026-04-23,51460
2026041252936051,2026-04-23,94532
2026041252936061,2026-04-23,52035
2026041362826021,2026-04-23,94532
2026041362826031,2026-04-23,52035
2026041369882311,2026-04-23,94532
2026041369882321,2026-04-23,52037
2026041384543781,2026-04-23,69467
2026041433212121,2026-04-23,102215
2026041436993131,2026-04-23,99400
2026041436993141,2026-04-23,52113
2026041439293981,2026-04-23,54968
2026041443634251,2026-04-23,55910
2026041443634261,2026-04-23,9478
2026041443809911,2026-04-23,55916
2026041444497091,2026-04-23,105048
2026041445139401,2026-04-23,55916
2026041451843011,2026-04-23,55718
2026041452309361,2026-04-23,55718
2026041582273921,2026-04-23,102087
2026041582273931,2026-04-23,52980
2026041582273941,2026-04-23,27387
2026041584999011,2026-04-23,56898
2026041586807391,2026-04-23,151289
2026041586807401,2026-04-23,109642
2026041647015651,2026-04-23,64218
2026041899653041,2026-04-23,147322
2026042077260051,2026-04-23,77345
2026042095740291,2026-04-23,145622
2026042149389091,2026-04-23,64218
2026032542667581,2026-04-24,52885
2026032546060811,2026-04-24,48164
2026032551888721,2026-04-24,137879
2026032696911171,2026-04-24,49109
2026032696911181,2026-04-24,9445
2026032613973991,2026-04-24,68940
2026032617497011,2026-04-24,95854
2026032617634211,2026-04-24,432038
2026032618638571,2026-04-24,205401
2026032618638581,2026-04-24,100577
2026032689523371,2026-04-24,49108
2026032692665331,2026-04-24,93493
2026032885904081,2026-04-24,213484
2026032886044041,2026-04-24,72767
2026032886044051,2026-04-24,9451
2026033077166761,2026-04-24,97271
2026040358446831,2026-04-24,50393
2026040869522341,2026-04-24,50393
2026041387322341,2026-04-24,53137
2026041387322351,2026-04-24,96535
2026041426291421,2026-04-24,52035
2026041426291431,2026-04-24,99254
2026041426682741,2026-04-24,104293
2026041431321151,2026-04-24,99326
2026041431321161,2026-04-24,208290
2026041433104211,2026-04-24,74331
2026041433104221,2026-04-24,9470
2026041440070661,2026-04-24,54964
2026041440395181,2026-04-24,74331
2026041440395191,2026-04-24,9470
2026041441649141,2026-04-24,99400
2026041441649151,2026-04-24,52113
2026041562350181,2026-04-24,69884
2026041569351221,2026-04-24,105048
2026041570534481,2026-04-24,219283
2026041583854761,2026-04-24,74606
2026041631623431,2026-04-24,229766
2026041631893871,2026-04-24,79328
2026041757759011,2026-04-24,77439
2026041817931831,2026-04-24,64218
2026041817931841,2026-04-24,9444
2026041831146151,2026-04-24,147322
2026042086600781,2026-04-24,77345
2026042131833951,2026-04-24,66106
2026042131833961,2026-04-24,9444
2026032628344631,2026-04-27,94437
2026032628689771,2026-04-27,51469
2026032628689781,2026-04-27,96798
2026032693421141,2026-04-27,102937
2026032739515321,2026-04-27,94437
2026032753253171,2026-04-27,73485
2026032753253181,2026-04-27,48701
2026032756063831,2026-04-27,69601
2026032886659311,2026-04-27,46747
2026033183915351,2026-04-27,90188
2026033183915361,2026-04-27,104826
2026033183915371,2026-04-27,18888
2026040146765141,2026-04-27,50393
2026041080523271,2026-04-27,94532
2026041080523281,2026-04-27,52035
2026041113743591,2026-04-27,109939
2026041119120041,2026-04-27,97271
2026041386872611,2026-04-27,96799
2026041425864271,2026-04-27,101992
2026041430744431,2026-04-27,74356
2026041438052051,2026-04-27,54968
2026041440440201,2026-04-27,99400
2026041440440211,2026-04-27,52113
2026041440999971,2026-04-27,99400
2026041440999981,2026-04-27,52113
2026041574715191,2026-04-27,55719
2026041578210271,2026-04-27,102087
2026041578210281,2026-04-27,52980
2026041584544411,2026-04-27,55718
2026041584544421,2026-04-27,9444
2026041585728941,2026-04-27,55718
2026041628561661,2026-04-27,79328
2026041642441571,2026-04-27,77440
2026041769315301,2026-04-27,371139
2026041779484531,2026-04-27,126735
2026041819040031,2026-04-27,105864
2026041819040041,2026-04-27,61479
2026041821107981,2026-04-27,147322
2026041957397961,2026-04-27,106714
2026041935435151,2026-04-27,61479
2026041935435161,2026-04-27,105864
2026041944154801,2026-04-27,106714
2026041944154811,2026-04-27,4628
2026041944154821,2026-04-27,9444
2026041946761151,2026-04-27,64218
2026042088701251,2026-04-27,64218
2026042013010921,2026-04-27,64218
2026042013163291,2026-04-27,380582
2026042133967361,2026-04-27,105864
2026042133967371,2026-04-27,61479
2026042133967381,2026-04-27,9444
2026042152532521,2026-04-27,66106
2026032624461711,2026-04-27,68940
2026032624461721,2026-04-27,9445
2026032765045991,2026-04-27,54774
2026032767995281,2026-04-27,92549
2026032876951291,2026-04-27,47737
2026032876951301,2026-04-27,96920
2026032878476841,2026-04-27,276701
2026032880652431,2026-04-27,67995
2026032883791961,2026-04-27,67995
2026032911303731,2026-04-27,67995
2026032911303741,2026-04-27,9444
2026033075828361,2026-04-27,49108
2026033189087931,2026-04-27,89055
2026033189087941,2026-04-27,47691
2026040164430131,2026-04-27,97743
2026040238390071,2026-04-27,94910
2026040238390081,2026-04-27,104826
2026040378392231,2026-04-27,50393
2026040880401151,2026-04-27,50393
2026040932521691,2026-04-27,94910
2026040932521701,2026-04-27,52413
2026041065125201,2026-04-27,94910
2026041065125211,2026-04-27,52413
2026041233796911,2026-04-27,99349
2026041384184411,2026-04-27,97271
2026041384184421,2026-04-27,9445
2026041384700631,2026-04-27,66673
2026041384700641,2026-04-27,52035
2026041425629051,2026-04-27,107659
2026041425629061,2026-04-27,9444
2026041572591681,2026-04-27,74606
2026041581008481,2026-04-27,104826
2026041817698791,2026-04-27,147322
2026041817698801,2026-04-27,18888
2026041829507541,2026-04-27,105864
2026041829507551,2026-04-27,61480
2026041829507561,2026-04-27,9444
2026041953401501,2026-04-27,106714
2026042012579151,2026-04-27,77344
2026042277646341,2026-04-27,64218
2026031288546581,2026-04-27,47267
2026031288546591,2026-04-27,27388
2026032767375781,2026-04-27,51112
2026032893760711,2026-04-27,90188
2026032893760721,2026-04-27,211067
2026032997982001,2026-04-27,422190
2026032912315141,2026-04-27,92549
2026032915739541,2026-04-27,94910
2026032915739551,2026-04-27,46747
2026033077519191,2026-04-27,138870
2026040164430141,2026-04-27,52414
2026040226204061,2026-04-27,99632
2026040226204071,2026-04-27,52413
2026040361305591,2026-04-27,99159
2026040373553881,2026-04-27,69412
2026040661831701,2026-04-27,94910
2026040661831711,2026-04-27,52413
2026040684120201,2026-04-27,50393
2026040719260561,2026-04-27,62802
2026040719260571,2026-04-27,220039
2026040752273471,2026-04-27,94910
2026040752273481,2026-04-27,52413
2026040881034051,2026-04-27,94910
2026040881034061,2026-04-27,52413
2026041198110111,2026-04-27,51460
2026041233178191,2026-04-27,104071
2026041395452631,2026-04-27,50393
2026041435668391,2026-04-27,54968
2026041440131411,2026-04-27,438566
2026041580115001,2026-04-27,74606
2026041585042871,2026-04-27,102087
2026041585042881,2026-04-27,52980
2026041616460471,2026-04-27,105865
2026041616460481,2026-04-27,63368
2026041631313751,2026-04-27,66106
2026041631313761,2026-04-27,9444
2026041782685581,2026-04-27,217394
2026041827569011,2026-04-27,147322
2026041940256121,2026-04-27,106715
2026041941907431,2026-04-27,66106
2026041946943581,2026-04-27,66106
2026041947997641,2026-04-27,105865
2026041947997651,2026-04-27,61480
2026042076923211,2026-04-27,106714
2026042016852661,2026-04-27,108603
2026042149989091,2026-04-27,105864
2026042149989101,2026-04-27,61480
2026042221346161,2026-04-27,75456
2026032753082841,2026-04-28,289119
2026032999004681,2026-04-28,49108
2026032932800651,2026-04-28,94911
2026032932800661,2026-04-28,51469
2026033049120401,2026-04-28,135990
2026033055010711,2026-04-28,67995
2026033058750701,2026-04-28,54970
2026033059551531,2026-04-28,94910
2026033059551541,2026-04-28,46747
2026040148548821,2026-04-28,97271
2026040148548831,2026-04-28,52413
2026040178719091,2026-04-28,50393
2026040877850031,2026-04-28,94911
2026040877850041,2026-04-28,52413
2026040890776691,2026-04-28,50393
2026041197964541,2026-04-28,50393
2026041379536961,2026-04-28,138067
2026041383885421,2026-04-28,138067
2026041437842061,2026-04-28,52113
2026041437842071,2026-04-28,99400
2026041450268991,2026-04-28,55718
2026041457994871,2026-04-28,74606
2026041564069401,2026-04-28,102087
2026041564069411,2026-04-28,52980
2026041564069421,2026-04-28,9444
2026041575056991,2026-04-28,112381
2026041580723731,2026-04-28,431201
2026041580773271,2026-04-28,55718
2026041771536881,2026-04-28,64218
2026041787587021,2026-04-28,129419
2026041788178761,2026-04-28,75457
2026041949956371,2026-04-28,64218
2026041953669421,2026-04-28,75456
2026041962795831,2026-04-28,64218
2026041946879591,2026-04-28,77345
2026042077000981,2026-04-28,106714
2026042083805841,2026-04-28,105864
2026042083805851,2026-04-28,61479
2026042015629111,2026-04-28,64219
2026042140414771,2026-04-28,151100
2026042270830971,2026-04-28,61479
2026042270830981,2026-04-28,109642
2026042278303151,2026-04-28,77345
2026033081306551,2026-04-29,69601
2026033081732411,2026-04-29,211162
2026033183835091,2026-04-29,211162
2026033191274691,2026-04-29,93871
2026033191274701,2026-04-29,52413
2026033111094151,2026-04-29,50052
2026033114262251,2026-04-29,113796
2026033116756781,2026-04-29,73095
2026033116756791,2026-04-29,9444
2026040349886421,2026-04-29,50394
2026040527247511,2026-04-29,135046
2026040527247521,2026-04-29,105298
2026040653507281,2026-04-29,50393
2026040670452351,2026-04-29,210595
2026040920242211,2026-04-29,50393
2026041195231391,2026-04-29,73661
2026041441926361,2026-04-29,74134
2026041446301731,2026-04-29,102150
2026041446301741,2026-04-29,265057
2026041447931121,2026-04-29,143734
2026041574856901,2026-04-29,215823
2026041577998821,2026-04-29,102087
2026041577998831,2026-04-29,52980
2026041582423901,2026-04-29,102087
2026041582423911,2026-04-29,52980
2026041588431741,2026-04-29,143734
2026041618151691,2026-04-29,66106
2026041641095121,2026-04-29,105864
2026041641095131,2026-04-29,58646
2026041646445841,2026-04-29,61385
2026041646445851,2026-04-29,9444
2026041760776221,2026-04-29,110492
2026041761613641,2026-04-29,124847
2026041763873691,2026-04-29,64710
2026041763873701,2026-04-29,103285
2026041781585361,2026-04-29,298421
2026041781585371,2026-04-29,9255
2026041788299711,2026-04-29,108974
2026041962023811,2026-04-29,75456
2026041949287841,2026-04-29,61479
2026041949287851,2026-04-29,105864
2026042091702321,2026-04-29,64218
2026042091702331,2026-04-29,9444
2026042295373721,2026-04-29,106714
2026042295373731,2026-04-29,27387
2026042355932941,2026-04-29,75456
2026040150580621,2026-04-30,50394
2026040152648031,2026-04-30,50393
2026040519581101,2026-04-30,69412
2026040681448991,2026-04-30,138823
2026040724231621,2026-04-30,51460
2026041198350801,2026-04-30,94533
2026041198350811,2026-04-30,52036
2026041430970391,2026-04-30,50571
2026041430970401,2026-04-30,9479
2026041437626051,2026-04-30,54965
2026041454403141,2026-04-30,74606
2026041454403151,2026-04-30,4628
2026041597635451,2026-04-30,117292
2026041597635461,2026-04-30,9445
2026041511041301,2026-04-30,105864
2026041511041311,2026-04-30,58646
2026041563848361,2026-04-30,52980
2026041563848371,2026-04-30,102087
2026041571053901,2026-04-30,102087
2026041571053911,2026-04-30,52980
2026041586447641,2026-04-30,74606
2026041586855281,2026-04-30,67146
2026041586855291,2026-04-30,108698
2026041586901301,2026-04-30,104826
2026041589257111,2026-04-30,102087
2026041589257121,2026-04-30,52980
2026041589257131,2026-04-30,9444
2026041589926261,2026-04-30,102087
2026041589926271,2026-04-30,105959
2026041589995251,2026-04-30,112381
2026041590034621,2026-04-30,102087
2026041590034631,2026-04-30,52980
2026041594656681,2026-04-30,155066
2026041626592591,2026-04-30,229766
2026041651482411,2026-04-30,227877
2026041763716501,2026-04-30,64218
2026041775735761,2026-04-30,64218
2026041816330791,2026-04-30,105864
2026041816330801,2026-04-30,61479
2026041959279291,2026-04-30,61479
2026041959279301,2026-04-30,105864
2026041959279311,2026-04-30,4628
2026041959279321,2026-04-30,9444
2026041959279331,2026-04-30,9444
2026041938957521,2026-04-30,64218
2026041938957531,2026-04-30,9444
2026042079190301,2026-04-30,79234
2026042079190311,2026-04-30,9445
2026042081828421,2026-04-30,77344
2026042094194691,2026-04-30,64218
2026042152048431,2026-04-30,77345
2026042335764791,2026-04-30,66106
2026042486782311,2026-04-30,64218
2026042796923981,2026-04-30,64218
2026040177765441,2026-05-04,96798
2026040177765451,2026-05-04,52413
2026040178786831,2026-05-04,52413
2026040178786841,2026-05-04,67051
2026040178786851,2026-05-04,18888
2026040294960921,2026-05-04,69412
2026040294960931,2026-05-04,4628
2026040212417661,2026-05-04,50393
2026040212839631,2026-05-04,75704
2026040213670231,2026-05-04,70882
2026040219843951,2026-05-04,94910
2026040219843961,2026-05-04,52413
2026040220612141,2026-05-04,94910
2026040220612151,2026-05-04,52413
2026040223800481,2026-05-04,75704
2026040680948681,2026-05-04,69412
2026040714830441,2026-05-04,50393
2026040919883101,2026-05-04,99632
2026040919883111,2026-05-04,52413
2026041432922631,2026-05-04,54968
2026041442833681,2026-05-04,102233
2026041442833691,2026-05-04,53057
2026041597315621,2026-05-04,232599
2026041563577701,2026-05-04,102087
2026041563577711,2026-05-04,52980
2026041568010211,2026-05-04,104826
2026041568010221,2026-05-04,4628
2026041589107051,2026-05-04,105048
2026041589780211,2026-05-04,102124
2026041589780221,2026-05-04,53000
2026041593377021,2026-05-04,105864
2026041593377031,2026-05-04,58646
2026041621873931,2026-05-04,218433
2026041621873941,2026-05-04,230616
2026041622966671,2026-05-04,79328
2026041623121491,2026-05-04,145623
2026041623121501,2026-05-04,115308
2026041628227111,2026-05-04,230616
2026041648603831,2026-05-04,77440
2026041766451971,2026-05-04,75456
2026041775251901,2026-05-04,64218
2026041775251911,2026-05-04,9444
2026041820488561,2026-05-04,75456
2026041820488571,2026-05-04,4628
2026041952582491,2026-05-04,75456
2026042015483771,2026-05-04,380582
2026042341614301,2026-05-04,66106
2026042531093561,2026-05-04,150442
2026042781119251,2026-05-04,108603
2026042788576801,2026-05-04,64218
2026042715640711,2026-05-04,64218
2026042715640721,2026-05-04,5572
2026042715640731,2026-05-04,9445
2026042726990511,2026-05-04,162432
2026042861450081,2026-05-04,64218
2026040227290901,2026-05-04,69412
2026040229454161,2026-05-04,50393
2026040363760161,2026-05-04,104826
2026040367111581,2026-05-04,95855
2026040367111591,2026-05-04,52413
2026040373242891,2026-05-04,62822
2026040373242901,2026-05-04,110057
2026040870278561,2026-05-04,101993
2026040876471151,2026-05-04,69412
2026041117827321,2026-05-04,137123
2026041233751251,2026-05-04,69412
2026041449122241,2026-05-04,143943
2026041457818201,2026-05-04,74606
2026041599355341,2026-05-04,105865
2026041599355351,2026-05-04,58646
2026041514061931,2026-05-04,66162
2026041569974161,2026-05-04,55718
2026041592623611,2026-05-04,77533
2026041646675901,2026-05-04,170176
2026041647788601,2026-05-04,227877
2026041774323781,2026-05-04,64218
2026041774323791,2026-05-04,9444
2026041958619281,2026-05-04,112381
2026042096100411,2026-05-04,108604
2026042015172981,2026-05-04,66106
2026042016566571,2026-05-04,77344
2026042151391721,2026-05-04,73661
2026042279375431,2026-05-04,106714
2026042289745181,2026-05-04,66106
2026042289745191,2026-05-04,5572
2026042354646811,2026-05-04,64274
2026042485532341,2026-05-04,62781
2026042485532351,2026-05-04,108106
2026042490168631,2026-05-04,147323
2026042530373021,2026-05-04,75456
2026042667452311,2026-05-04,64218
2026042667452321,2026-05-04,9444
2026042669766031,2026-05-04,109642
2026042669766041,2026-05-04,72717
2026042792949761,2026-05-04,108603
2026042856343681,2026-05-04,9444
2026042862195081,2026-05-04,105865
2026042862195091,2026-05-04,61480
2026040223088331,2026-05-04,94910
2026040223088341,2026-05-04,52413
2026040232368961,2026-05-04,94910
2026040232368971,2026-05-04,52413
2026040376485781,2026-05-04,69412
2026040496897321,2026-05-04,99331
2026040725126311,2026-05-04,54774
2026040866533191,2026-05-04,65218
2026040892731331,2026-05-04,51461
2026041420150941,2026-05-04,50393
2026041452423601,2026-05-04,104826
2026041452423611,2026-05-04,4628
2026041599707951,2026-05-04,155066
2026041565712231,2026-05-04,287467
2026041582312791,2026-05-04,55718
2026041641459361,2026-05-04,105865
2026041641459371,2026-05-04,63368
2026041657344021,2026-05-04,96421
2026041657344031,2026-05-04,124846
2026041768570261,2026-05-04,61479
2026041768570271,2026-05-04,105864
2026041770692191,2026-05-04,77054
2026041952560901,2026-05-04,64218
2026041953452761,2026-05-04,66106
2026041953571821,2026-05-04,109642
2026041953571831,2026-05-04,61480
2026041953571841,2026-05-04,9445
2026041954890401,2026-05-04,75456
2026041956182391,2026-05-04,105864
2026041956182401,2026-05-04,61479
2026041965317921,2026-05-04,106714
2026042085491401,2026-05-04,151100
2026042089060671,2026-05-04,304088
2026042281439731,2026-05-04,147322
2026042285932041,2026-05-04,106714
2026042528123691,2026-05-04,64267
2026042528123701,2026-05-04,9452
2026042536490161,2026-05-04,147322
2026042654510991,2026-05-04,147322
2026042666366111,2026-05-04,64219
2026042791293301,2026-05-04,106715
2026042725344691,2026-05-04,64218
2026042734709421,2026-05-04,64218
2026042884226711,2026-05-04,83011
2026042932547961,2026-05-04,64218
2026040492700171,2026-05-04,65162
2026040492700191,2026-05-04,9444
2026040414153281,2026-05-04,210595
2026040522463941,2026-05-04,50393
2026040524307731,2026-05-04,50393
2026040527428211,2026-05-04,74134
2026040529892111,2026-05-04,94910
2026040529892121,2026-05-04,48032
2026040535399591,2026-05-04,69412
2026040680540551,2026-05-04,97271
2026041081326691,2026-05-04,75221
2026041425256811,2026-05-04,94532
2026041425256821,2026-05-04,52035
2026041446399871,2026-05-04,53057
2026041446399881,2026-05-04,102233
2026041596746961,2026-05-04,61385
2026041579124021,2026-05-04,143734
2026041586463961,2026-05-04,102087
2026041586463971,2026-05-04,52980
2026041652089131,2026-05-04,304465
2026041813265021,2026-05-04,126735
2026041813265031,2026-05-04,105864
2026041822250401,2026-05-04,64218
2026041957312841,2026-05-04,64218
2026041962954471,2026-05-04,105864
2026041962954481,2026-05-04,61479
2026041966072121,2026-05-04,75457
2026041943025541,2026-05-04,75456
2026041946328781,2026-05-04,65578
2026042081525871,2026-05-04,77344
2026042140925531,2026-05-04,110492
2026042478614341,2026-05-04,64218
2026042794196541,2026-05-04,66106
2026042794196551,2026-05-04,9444
2026042794196561,2026-05-04,9444
2026042853606611,2026-05-04,64218
2026042853606621,2026-05-04,9444
2026042911675511,2026-05-04,83011
2026042985783441,2026-05-04,105900
2026042985783451,2026-05-04,61501
2026040528050401,2026-05-06,270090
2026040528050411,2026-05-06,105298
2026040673114201,2026-05-06,94910
2026040673114211,2026-05-06,52414
2026040679969791,2026-05-06,69412
2026040681229571,2026-05-06,143545
2026040694683911,2026-05-06,50393
2026040697652401,2026-05-06,104826
2026040720175801,2026-05-06,224699
2026041068588481,2026-05-06,50393
2026041198605921,2026-05-06,94532
2026041198605931,2026-05-06,104070
2026041422549711,2026-05-06,138067
2026041567319611,2026-05-06,215600
2026041578061651,2026-05-06,71867
2026041578061661,2026-05-06,52980
2026041589411231,2026-05-06,102087
2026041589411241,2026-05-06,105959
2026041620316791,2026-05-06,66107
2026041620316801,2026-05-06,4628
2026041621307431,2026-05-06,108603
2026041626546651,2026-05-06,105864
2026041626546661,2026-05-06,63368
2026041632509071,2026-05-06,306354
2026041813073531,2026-05-06,105864
2026041813073541,2026-05-06,61479
2026041952211621,2026-05-06,64218
2026041955502891,2026-05-06,61479
2026041955502901,2026-05-06,105864
2026041955663971,2026-05-06,124847
2026041960545131,2026-05-06,147322
2026041947580821,2026-05-06,103977
2026041947580831,2026-05-06,126736
2026042072695701,2026-05-06,304088
2026042083480701,2026-05-06,105865
2026042083480711,2026-05-06,61480
2026042093909701,2026-05-06,64273
2026042017925021,2026-05-06,151100
2026042278098281,2026-05-06,77344
2026042472271611,2026-05-06,75456
2026042494323631,2026-05-06,149211
2026042494323641,2026-05-06,9444
2026042537245211,2026-05-06,223816
2026042669536791,2026-05-06,64218
2026042669536801,2026-05-06,9444
2026042798491441,2026-05-06,106715
2026042739122091,2026-05-06,106714
2026042866549551,2026-05-06,66106
2026042914284041,2026-05-06,83011
2026043056395341,2026-05-06,64123
2026050234079961,2026-05-06,105959
2026050352498821,2026-05-06,66106
2026040414966971,2026-05-06,50393
2026040548354771,2026-05-06,94910
2026040548354781,2026-05-06,52413
2026040541794861,2026-05-06,54774
2026040658490351,2026-05-06,74134
2026040675096481,2026-05-06,104826
2026040677354111,2026-05-06,71773
2026040677354121,2026-05-06,52413
2026040683542641,2026-05-06,69412
2026040688195041,2026-05-06,67051
2026040688195051,2026-05-06,52413
2026040694987161,2026-05-06,50393
2026040717578571,2026-05-06,94910
2026040717578581,2026-05-06,52413
2026040721548551,2026-05-06,282423
2026040723646551,2026-05-06,70882
2026040735689201,2026-05-06,282367
2026041229567401,2026-05-06,94532
2026041229567411,2026-05-06,52035
2026041247175501,2026-05-06,142789
2026041247472721,2026-05-06,97271
2026041364275401,2026-05-06,69412
2026041419478961,2026-05-06,74187
2026041419478971,2026-05-06,4631
2026041439171981,2026-05-06,423868
2026041566343501,2026-05-06,104826
2026041642114981,2026-05-06,106714
2026041899260471,2026-05-06,122014
2026041810287941,2026-05-06,298421
2026041815440981,2026-05-06,75456
2026041829043541,2026-05-06,70923
2026041829043561,2026-05-06,109642
2026041832333371,2026-05-06,110492
2026041956439141,2026-05-06,74606
2026041956439151,2026-05-06,61479
2026041947049761,2026-05-06,66106
2026042073731901,2026-05-06,148267
2026042093513481,2026-05-06,106714
2026042020724101,2026-05-06,108603
2026042126747931,2026-05-06,151100
2026042136906251,2026-05-06,126735
2026042148320241,2026-05-06,105865
2026042148320251,2026-05-06,63368
2026042277269581,2026-05-06,64218
2026042341673601,2026-05-06,106714
2026042351086861,2026-05-06,106714
2026042525969401,2026-05-06,108603
2026042525969411,2026-05-06,9444
2026042666397831,2026-05-06,64218
2026042645909461,2026-05-06,61479
2026042645909471,2026-05-06,211728
2026042712634941,2026-05-06,64218
2026042842080861,2026-05-06,64218
2026042857837201,2026-05-06,61479
2026042857837211,2026-05-06,105864
2026042920796581,2026-05-06,83011
2026042920796591,2026-05-06,5573
2026050491342041,2026-05-06,82350
2026032753995191,2026-05-07,96799
2026032753995201,2026-05-07,47692
2026032753995211,2026-05-07,4628
2026040683651991,2026-05-07,52413
2026040683652001,2026-05-07,94910
2026040725889361,2026-05-07,50393
2026040729841111,2026-05-07,101992
2026040734270591,2026-05-07,69412
2026040745060211,2026-05-07,138823
2026040749571531,2026-05-07,138824
2026040858606711,2026-05-07,69412
2026040861500841,2026-05-07,112381
2026040875764461,2026-05-07,99632
2026040875764471,2026-05-07,52413
2026040885795721,2026-05-07,157238
2026040910066631,2026-05-07,74134
2026040930972321,2026-05-07,52413
2026040930972331,2026-05-07,67051
2026040930972341,2026-05-07,9444
2026041253163881,2026-05-07,99348
2026041244392991,2026-05-07,69412
2026041376657401,2026-05-07,226933
2026041376657411,2026-05-07,104920
2026041376852041,2026-05-07,50393
2026041383661221,2026-05-07,69412
2026041386038921,2026-05-07,69884
2026041387959661,2026-05-07,74134
2026041387959671,2026-05-07,9444
2026041428195061,2026-05-07,99400
2026041428195071,2026-05-07,52113
2026041429097721,2026-05-07,52113
2026041429097731,2026-05-07,99400
2026041430376051,2026-05-07,143013
2026041439863761,2026-05-07,74134
2026041439929471,2026-05-07,54968
2026041443287391,2026-05-07,55916
2026041444604121,2026-05-07,55718
2026041454485441,2026-05-07,74606
2026041597524101,2026-05-07,61385
2026041597524111,2026-05-07,9444
2026041597524121,2026-05-07,27387
2026041565316311,2026-05-07,55718
2026041565316331,2026-05-07,9444
2026041565316341,2026-05-07,27387
2026041574849141,2026-05-07,55718
2026041577653281,2026-05-07,55719
2026041578846561,2026-05-07,55718
2026041582953071,2026-05-07,74606
2026041582953081,2026-05-07,9444
2026041582953091,2026-05-07,4628
2026041585482891,2026-05-07,55718
2026041585642141,2026-05-07,104826
2026041585642151,2026-05-07,9444
2026041586565401,2026-05-07,55718
2026041589815771,2026-05-07,55718
2026041590441581,2026-05-07,55718
2026041615527281,2026-05-07,105864
2026041615527291,2026-05-07,63368
2026041615527301,2026-05-07,9444
2026041618903481,2026-05-07,79328
2026041635358261,2026-05-07,79328
2026041635358271,2026-05-07,9444
2026041641886801,2026-05-07,64218
2026041651733831,2026-05-07,106715
2026041763353591,2026-05-07,81008
2026041763849311,2026-05-07,77439
2026041771574591,2026-05-07,126735
2026041771574601,2026-05-07,18888
2026041771574611,2026-05-07,18888
2026041774022741,2026-05-07,64218
2026041774102961,2026-05-07,64218
2026041775552531,2026-05-07,75511
2026041776397871,2026-05-07,219283
2026041776397881,2026-05-07,103976
2026041776732961,2026-05-07,66106
2026041776732971,2026-05-07,9444
2026041777115861,2026-05-07,106714
2026041786885961,2026-05-07,75456
2026041792107181,2026-05-07,108107
2026041792107191,2026-05-07,62782
2026041817733041,2026-05-07,66106
2026041822089201,2026-05-07,106005
2026041822089211,2026-05-07,61562
2026041823363361,2026-05-07,105864
2026041823363371,2026-05-07,61479
2026041824040551,2026-05-07,149211
2026041824211791,2026-05-07,105864
2026041824211801,2026-05-07,61479
2026041828005961,2026-05-07,190102
2026041950190101,2026-05-07,66106
2026041959073111,2026-05-07,64218
2026041960376771,2026-05-07,75456
2026041960376781,2026-05-07,9444
2026041960733601,2026-05-07,64218
2026041964563211,2026-05-07,64218
2026041967194181,2026-05-07,64218
2026041941469251,2026-05-07,66106
2026041943089971,2026-05-07,75456
2026041944473601,2026-05-07,77345
2026041944557991,2026-05-07,75456
2026041945649551,2026-05-07,67507
2026041945785291,2026-05-07,147322
2026041945785301,2026-05-07,18888
2026041946905011,2026-05-07,77054
2026041949816491,2026-05-07,64218
2026042070556721,2026-05-07,64218
2026042073212281,2026-05-07,66107
2026042077101721,2026-05-07,64218
2026042077497141,2026-05-07,64218
2026042083193621,2026-05-07,64218
2026042089843391,2026-05-07,106714
2026042092531351,2026-05-07,106714
2026042094895651,2026-05-07,64218
2026042096870591,2026-05-07,77344
2026042096870601,2026-05-07,9444
2026042098049271,2026-05-07,64218
2026042014788731,2026-05-07,64218
2026042133470771,2026-05-07,151101
2026042137187771,2026-05-07,112381
2026042141892461,2026-05-07,64218
2026042149041351,2026-05-07,124846
2026042270252841,2026-05-07,147322
2026042279813461,2026-05-07,64218
2026042279852871,2026-05-07,66106
2026042289495911,2026-05-07,106714
2026042337104231,2026-05-07,296533
2026042340278961,2026-05-07,106714
2026042342729771,2026-05-07,64218
2026042345611511,2026-05-07,147322
2026042345611521,2026-05-07,9444
2026042347952621,2026-05-07,75456
2026042349424091,2026-05-07,105864
2026042349424101,2026-05-07,61480
2026042472180231,2026-05-07,296533
2026042473706931,2026-05-07,75456
2026042477182911,2026-05-07,61479
2026042478634281,2026-05-07,75456
2026042485072471,2026-05-07,112381
2026042485274491,2026-05-07,67507
2026042485274501,2026-05-07,9645
2026042493799271,2026-05-07,82161
2026042493799281,2026-05-07,9444
2026042494101231,2026-05-07,75456
2026042495197581,2026-05-07,110492
2026042496225921,2026-05-07,106715
2026042519354961,2026-05-07,110492
2026042519548451,2026-05-07,66106
2026042519548461,2026-05-07,9444
2026042524713781,2026-05-07,124846
2026042531526261,2026-05-07,106714
2026042531533721,2026-05-07,64218
2026042534265291,2026-05-07,108974
2026042534592501,2026-05-07,64218
2026042534592511,2026-05-07,9444
2026042649884041,2026-05-07,64218
2026042653125711,2026-05-07,296533
2026042656677291,2026-05-07,75456
2026042659378631,2026-05-07,147323
2026042666497661,2026-05-07,75456
2026042666497671,2026-05-07,9444
2026042644717691,2026-05-07,64218
2026042781754621,2026-05-07,61479
2026042781754631,2026-05-07,105864
2026042796797221,2026-05-07,108603
2026042719655811,2026-05-07,64219
2026042853264561,2026-05-07,66106
2026042853264571,2026-05-07,5572
2026042853438581,2026-05-07,83011
2026042863765891,2026-05-07,124846
2026042864771241,2026-05-07,64218
2026042917350791,2026-05-07,61479
2026042917350801,2026-05-07,105864
2026050348074021,2026-05-07,64123
2026050611984251,2026-05-07,64123
2026040679352511,2026-05-08,210595
2026040721328851,2026-05-08,99632
2026040721328861,2026-05-08,52413
2026040721328871,2026-05-08,9444
2026040730044301,2026-05-08,106242
2026040730044311,2026-05-08,110020
2026040739358671,2026-05-08,138823
2026040877875421,2026-05-08,54774
2026040877875431,2026-05-08,9444
2026040916987651,2026-05-08,74134
2026040918880651,2026-05-08,112381
2026041050261441,2026-05-08,107659
2026041374036901,2026-05-08,51460
2026041374036911,2026-05-08,4726
2026041380273031,2026-05-08,280856
2026041397108411,2026-05-08,107659
2026041426268941,2026-05-08,99254
2026041426268951,2026-05-08,52035
2026041428772731,2026-05-08,54968
2026041434022631,2026-05-08,52113
2026041434022641,2026-05-08,99400
2026041442746751,2026-05-08,102233
2026041442746761,2026-05-08,53057
2026041444928551,2026-05-08,219337
2026041444928561,2026-05-08,605299
2026041444928571,2026-05-08,94461
2026041447499331,2026-05-08,104826
2026041598088031,2026-05-08,105864
2026041598088041,2026-05-08,58646
2026041598088051,2026-05-08,9444
2026041598088061,2026-05-08,27387
2026041588387151,2026-05-08,219284
2026041630293301,2026-05-08,229767
2026041637509761,2026-05-08,79328
2026041637509771,2026-05-08,9444
2026041642758331,2026-05-08,106714
2026041761831111,2026-05-08,61479
2026041761831121,2026-05-08,101143
2026041761831141,2026-05-08,9444
2026041898418541,2026-05-08,64218
2026041829669431,2026-05-08,106714
2026041829669441,2026-05-08,27387
2026041961136731,2026-05-08,64218
2026041961216561,2026-05-08,103881
2026041963231871,2026-05-08,106714
2026041963231881,2026-05-08,9444
2026041938294411,2026-05-08,296533
2026041938294421,2026-05-08,27387
2026041944675021,2026-05-08,64218
2026041948130321,2026-05-08,106714
2026041948644681,2026-05-08,61479
2026041948644691,2026-05-08,105864
2026042074803031,2026-05-08,105864
2026042074803041,2026-05-08,61479
2026042084862151,2026-05-08,105864
2026042084862161,2026-05-08,61479
2026042088035681,2026-05-08,108603
2026042093202221,2026-05-08,106766
2026042093202231,2026-05-08,9450
2026042010395061,2026-05-08,105864
2026042010395071,2026-05-08,61479
2026042014397721,2026-05-08,105864
2026042014397731,2026-05-08,61479
2026042021520441,2026-05-08,108604
2026042148235021,2026-05-08,109642
2026042148235031,2026-05-08,91699
2026042149343101,2026-05-08,63368
2026042149343111,2026-05-08,105864
2026042340864061,2026-05-08,103976
2026042340864071,2026-05-08,61479
2026042345285891,2026-05-08,124846
2026042477201891,2026-05-08,75457
2026042490051551,2026-05-08,64218
2026042529489211,2026-05-08,64218
2026042529489221,2026-05-08,9444
2026042537193641,2026-05-08,108604
2026042714890221,2026-05-08,83011
2026042719232991,2026-05-08,105864
2026042719233001,2026-05-08,61479
2026042719233011,2026-05-08,9444
2026042854683821,2026-05-08,190102
2026042854683831,2026-05-08,103976
2026042854683841,2026-05-08,9444
2026042922181071,2026-05-08,105864
2026042922181081,2026-05-08,61479
2026042922181091,2026-05-08,9444
2026042986557081,2026-05-08,66106
2026043046061271,2026-05-08,103220
2026043046061281,2026-05-08,63368
2026043067548931,2026-05-08,82350
2026050199202211,2026-05-08,64179
2026050220215431,2026-05-08,82350
2026050366480541,2026-05-08,84899
2026050550956941,2026-05-08,67507
2026050569053181,2026-05-08,325997
2026040724104201,2026-05-11,101742
2026040724104211,2026-05-11,53523
2026040725543221,2026-05-11,54774
2026040728554681,2026-05-11,50393
2026040729080741,2026-05-11,52413
2026040729080751,2026-05-11,99632
2026040729080761,2026-05-11,4628
2026040869843721,2026-05-11,47691
2026040869843731,2026-05-11,94910
2026040874847111,2026-05-11,52413
2026040874847121,2026-05-11,94910
2026040879006361,2026-05-11,52413
2026040879006371,2026-05-11,94910
2026040884329921,2026-05-11,94910
2026040884329931,2026-05-11,52413
2026040910047851,2026-05-11,62802
2026040910047861,2026-05-11,106243
2026040910047871,2026-05-11,9444
2026041066196241,2026-05-11,54774
2026041079540561,2026-05-11,214561
2026041079636681,2026-05-11,55934
2026041430397081,2026-05-11,102215
2026041571032111,2026-05-11,53057
2026041571032121,2026-05-11,102233
2026041593203881,2026-05-11,108603
2026041651340741,2026-05-11,103976
2026041651340751,2026-05-11,126735
2026041788108801,2026-05-11,72623
2026041896180961,2026-05-11,147322
2026041813345911,2026-05-11,108130
2026041813345921,2026-05-11,62795
2026041820507361,2026-05-11,64218
2026041950187141,2026-05-11,64267
2026041943458181,2026-05-11,221928
2026041948157211,2026-05-11,64218
2026041948157221,2026-05-11,9444
2026042075918671,2026-05-11,61480
2026042075918681,2026-05-11,105865
2026042076628411,2026-05-11,79233
2026042079324381,2026-05-11,145622
2026042079324391,2026-05-11,107753
2026042079324401,2026-05-11,243931
2026042080305291,2026-05-11,106714
2026042091770341,2026-05-11,105864
2026042091770351,2026-05-11,61479
2026042091770361,2026-05-11,9444
2026042142069261,2026-05-11,105864
2026042142069271,2026-05-11,61479
2026042156672601,2026-05-11,64218
2026042299996481,2026-05-11,105864
2026042299996491,2026-05-11,61479
2026042288637211,2026-05-11,296533
2026042292120091,2026-05-11,75456
2026042348161871,2026-05-11,109642
2026042348161881,2026-05-11,218433
2026042348161891,2026-05-11,76589
2026042350572271,2026-05-11,64218
2026042485155181,2026-05-11,77344
2026042485155191,2026-05-11,27387
2026042487267521,2026-05-11,148706
2026042487267531,2026-05-11,111964
2026042487267541,2026-05-11,110035
2026042522877581,2026-05-11,74606
2026042522877591,2026-05-11,61479
2026042522877601,2026-05-11,18888
2026042668034271,2026-05-11,221927
2026042712761301,2026-05-11,226838
2026042716155091,2026-05-11,83011
2026042726092531,2026-05-11,64218
2026042912451521,2026-05-11,83011
2026042912451531,2026-05-11,9444
2026042914010511,2026-05-11,333673
2026050362484251,2026-05-11,105959
2026050378578851,2026-05-11,64124
2026050696121651,2026-05-11,84899
2026050619471021,2026-05-11,84094
2026050740334141,2026-05-11,105298
2026050740406931,2026-05-11,161016
2026041073984911,2026-05-11,97271
2026041073984921,2026-05-11,9444
2026041189913951,2026-05-11,70400
2026041450327471,2026-05-11,102087
2026041450327481,2026-05-11,52980
2026041455940491,2026-05-11,55718
2026041455940501,2026-05-11,9444
2026041455940511,2026-05-11,9444
2026041596554041,2026-05-11,61385
2026041598794481,2026-05-11,105864
2026041598794491,2026-05-11,58646
2026041583678001,2026-05-11,105959
2026041586107831,2026-05-11,52980
2026041586107841,2026-05-11,102087
2026041586107851,2026-05-11,4628
2026041586107861,2026-05-11,9444
2026041615953201,2026-05-11,66106
2026041621059471,2026-05-11,108603
2026041624205031,2026-05-11,153231
2026041625097761,2026-05-11,61385
2026041632423871,2026-05-11,66106
2026041632797561,2026-05-11,108603
2026041633426751,2026-05-11,67506
2026041652610361,2026-05-11,66106
2026041815640651,2026-05-11,106714
2026041952675101,2026-05-11,75456
2026041955852331,2026-05-11,75456
2026041957589811,2026-05-11,106714
2026041946322561,2026-05-11,147322
2026042080963451,2026-05-11,124846
2026042099468391,2026-05-11,64218
2026042011658671,2026-05-11,79233
2026042023839661,2026-05-11,105864
2026042023839671,2026-05-11,61479
2026042127734341,2026-05-11,77345
2026042145040561,2026-05-11,305976
2026042152858081,2026-05-11,152988
2026042350652021,2026-05-11,105865
2026042350652031,2026-05-11,61480
2026042492619681,2026-05-11,75456
2026042530810471,2026-05-11,64218
2026042530810481,2026-05-11,9444
2026042650098451,2026-05-11,75456
2026042651261341,2026-05-11,75456
2026042651261351,2026-05-11,9444
2026042661860201,2026-05-11,65578
2026042785012361,2026-05-11,105865
2026042785012371,2026-05-11,61480
2026042785012381,2026-05-11,5573
2026042785012391,2026-05-11,9445
2026042733953951,2026-05-11,64218
2026042863436891,2026-05-11,106715
2026042918485321,2026-05-11,162432
2026042922669431,2026-05-11,64218
2026042924571031,2026-05-11,65578
2026042926701751,2026-05-11,106714
2026042926701761,2026-05-11,9444
2026043038026131,2026-05-11,66106
2026050177787181,2026-05-11,64123
2026050196012191,2026-05-11,77864
2026050229209081,2026-05-11,64123
2026050352688451,2026-05-11,64123
2026050364807391,2026-05-11,103220
2026050364807401,2026-05-11,63368
2026050369671021,2026-05-11,124092
2026050484268141,2026-05-11,82350
2026050484867461,2026-05-11,103220
2026050484867471,2026-05-11,63368
2026050411328041,2026-05-11,105959
2026050414743391,2026-05-11,243837
2026050630132421,2026-05-11,60062
2026050630132431,2026-05-11,103220
2026050754156401,2026-05-11,66106
2026050754156411,2026-05-11,9444
2026041120057681,2026-05-11,50393
2026041223715451,2026-05-11,50393
2026041227046381,2026-05-11,74189
2026041234669171,2026-05-11,51460
2026041237323051,2026-05-11,96534
2026041237323061,2026-05-11,53138
2026041237323071,2026-05-11,9644
2026041239166011,2026-05-11,94532
2026041239166021,2026-05-11,52035
2026041246552051,2026-05-11,51460
2026041593651541,2026-05-11,108603
2026041645291471,2026-05-11,106714
2026041781576321,2026-05-11,147322
2026041786837461,2026-05-11,75456
2026041811321231,2026-05-11,75456
2026041812093731,2026-05-11,105864
2026041812093741,2026-05-11,61479
2026041820886501,2026-05-11,64218
2026041965627781,2026-05-11,106714
2026041967048841,2026-05-11,105864
2026041967048851,2026-05-11,61479
2026042076766351,2026-05-11,64218
2026042083392411,2026-05-11,64218
2026042090960811,2026-05-11,227594
2026042133867831,2026-05-11,304088
2026042133867841,2026-05-11,5573
2026042151753511,2026-05-11,106714
2026042160934751,2026-05-11,64267
2026042160934761,2026-05-11,9452
2026042531544731,2026-05-11,221927
2026042539225011,2026-05-11,75457
2026042789581881,2026-05-11,105864
2026042789581891,2026-05-11,61479
2026042789581901,2026-05-11,9444
2026042789581911,2026-05-11,9444
2026042851937421,2026-05-11,326753
2026042912726781,2026-05-11,105864
2026042912726791,2026-05-11,61480
2026050185326541,2026-05-11,84899
2026050189514721,2026-05-11,103220
2026050189514731,2026-05-11,63368
2026050222418781,2026-05-11,82350
2026050222418791,2026-05-11,9444
2026050227626831,2026-05-11,108603
2026050234817651,2026-05-11,84094
2026050234817661,2026-05-11,9644
2026050247179781,2026-05-11,64124
2026050490073781,2026-05-11,66106
2026050542073011,2026-05-11,84899
2026050542073021,2026-05-11,27387
2026050542073031,2026-05-11,9444
2026050551622811,2026-05-11,82350
2026050554625311,2026-05-11,64266
2026050559030251,2026-05-11,105959
2026050749592871,2026-05-11,129420
2026040862163431,2026-05-12,74134
2026041364966201,2026-05-12,69412
2026041374201921,2026-05-12,50620
2026041375428761,2026-05-12,94568
2026041375428771,2026-05-12,52056
2026041379330551,2026-05-12,74190
2026041420115001,2026-05-12,69412
2026041441377181,2026-05-12,74134
2026041578589301,2026-05-12,74606
2026041580636791,2026-05-12,55916
2026041589284871,2026-05-12,102087
2026041589284881,2026-05-12,52980
2026041634033681,2026-05-12,115308
2026041634033691,2026-05-12,105864
2026041634033701,2026-05-12,126735
2026041634033711,2026-05-12,9444
2026041636277261,2026-05-12,115308
2026041636277271,2026-05-12,172065
2026041654727621,2026-05-12,77440
2026041656165071,2026-05-12,304465
2026041656165081,2026-05-12,27387
2026041780149761,2026-05-12,66106
2026041816832891,2026-05-12,64218
2026041818722271,2026-05-12,64218
2026041822960151,2026-05-12,106714
2026041824368581,2026-05-12,75456
2026041829617271,2026-05-12,124846
2026041829617281,2026-05-12,9256
2026041830547711,2026-05-12,147322
2026041955094581,2026-05-12,64218
2026041955094591,2026-05-12,9444
2026041955729891,2026-05-12,61479
2026041955729901,2026-05-12,105864
2026041960009931,2026-05-12,64218
2026041966170791,2026-05-12,64218
2026041942333631,2026-05-12,105864
2026041942333641,2026-05-12,61479
2026041946558011,2026-05-12,75456
2026041946788421,2026-05-12,77054
2026042135789511,2026-05-12,105864
2026042135789521,2026-05-12,61480
2026042146243641,2026-05-12,66106
2026042155204191,2026-05-12,64218
2026042276897361,2026-05-12,105864
2026042276897371,2026-05-12,61479
2026042294971691,2026-05-12,106714
2026042340768281,2026-05-12,105864
2026042340768291,2026-05-12,126735
2026042485643491,2026-05-12,105864
2026042494805421,2026-05-12,105864
2026042494805431,2026-05-12,61479
2026042799863781,2026-05-12,64218
2026042714298641,2026-05-12,105865
2026042714298651,2026-05-12,61479
2026042879456391,2026-05-12,124847
2026042881037561,2026-05-12,106714
2026042916967691,2026-05-12,83011
2026043070122201,2026-05-12,64124
2026050187734121,2026-05-12,105959
2026050235069001,2026-05-12,408157
2026050352449551,2026-05-12,64123
2026050687983401,2026-05-12,82350
2026050687983411,2026-05-12,9445
2026050691322311,2026-05-12,117103
2026050691322321,2026-05-12,27387
2026050693490561,2026-05-12,253469
2026050693490571,2026-05-12,105864
2026050751202571,2026-05-12,62857
2026050768039761,2026-05-12,325336
2026050771434431,2026-05-12,62802
2026050887803721,2026-05-12,103220
2026050887803731,2026-05-12,60062
2026050887803741,2026-05-12,27387
2026050936068691,2026-05-12,66106
2026051070970521,2026-05-12,105865
2026051070970531,2026-05-12,126736
2026051199155311,2026-05-12,9444
2026041369846881,2026-05-13,280856
2026041393161631,2026-05-13,94532
2026041393161641,2026-05-13,52036
2026041393161651,2026-05-13,9444
2026041393934431,2026-05-13,280856
2026041393934441,2026-05-13,27387
2026041394160451,2026-05-13,214185
2026041425324261,2026-05-13,97271
2026041426976121,2026-05-13,102168
2026041426976131,2026-05-13,27435
2026041432542981,2026-05-13,54968
2026041432864051,2026-05-13,54964
2026041435006231,2026-05-13,104295
2026041435680251,2026-05-13,108826
2026041436262131,2026-05-13,108769
2026041436262141,2026-05-13,9459
2026041436262151,2026-05-13,27430
2026041438200301,2026-05-13,285801
2026041439518621,2026-05-13,99400
2026041439518631,2026-05-13,52113
2026041441922151,2026-05-13,101992
2026041443479921,2026-05-13,74804
2026041443479931,2026-05-13,9470
2026041444944821,2026-05-13,67232
2026041444944831,2026-05-13,106095
2026041447763621,2026-05-13,158938
2026041565327481,2026-05-13,102087
2026041565327491,2026-05-13,52980
2026041588774331,2026-05-13,102087
2026041588774341,2026-05-13,52980
2026041588774351,2026-05-13,9444
2026041623970191,2026-05-13,66107
2026041624373851,2026-05-13,108603
2026041784562061,2026-05-13,61479
2026041784562071,2026-05-13,105864
2026041818114041,2026-05-13,77344
2026041819213751,2026-05-13,124846
2026041960633381,2026-05-13,64218
2026041964685981,2026-05-13,106714
2026041945956641,2026-05-13,75456
2026041949629731,2026-05-13,75456
2026041949629741,2026-05-13,9444
2026042018976601,2026-05-13,151100
2026042133409091,2026-05-13,151100
2026042151839431,2026-05-13,105864
2026042151839441,2026-05-13,61479
2026042220389931,2026-05-13,77054
2026042282000261,2026-05-13,75456
2026042282185841,2026-05-13,75456
2026042294129171,2026-05-13,149211
2026042294129181,2026-05-13,61479
2026042357935961,2026-05-13,106714
2026042476326241,2026-05-13,64218
2026042525252121,2026-05-13,103976
2026042525252131,2026-05-13,126735
2026042525252141,2026-05-13,9444
2026042659099551,2026-05-13,105864
2026042659099561,2026-05-13,61480
2026042668271081,2026-05-13,64218
2026042718958781,2026-05-13,126735
2026042718958791,2026-05-13,105864
2026042868321961,2026-05-13,105864
2026042868321971,2026-05-13,61479
2026042917602711,2026-05-13,244592
2026042994789551,2026-05-13,105865
2026042994789561,2026-05-13,61480
2026050171646071,2026-05-13,9444
2026050183743291,2026-05-13,64123
2026050223918361,2026-05-13,84094
2026050228563131,2026-05-13,84899
2026050366946151,2026-05-13,82350
2026050413449001,2026-05-13,103220
2026050413449011,2026-05-13,63368
2026050544227071,2026-05-13,103220
2026050544227081,2026-05-13,63368
2026050612664901,2026-05-13,64123
2026050678715701,2026-05-13,82350
2026050743677351,2026-05-13,67506
2026050760562301,2026-05-13,62801
2026050891738661,2026-05-13,62801
2026050812473081,2026-05-13,105298
2026050924229151,2026-05-13,103220
2026050924229161,2026-05-13,60062
2026050924229171,2026-05-13,27387
2026050924229181,2026-05-13,5572
2026050924229191,2026-05-13,9444
2026050927667991,2026-05-13,113798
2026050927668001,2026-05-13,27388
2026051052876631,2026-05-13,62801
2026051268825211,2026-05-13,253470
2026051268825221,2026-05-13,102560
2026041440718271,2026-05-14,54968
2026041440820651,2026-05-14,219283
2026041448625311,2026-05-14,102087
2026041448625321,2026-05-14,52980
2026041451701891,2026-05-14,503067
2026041566782931,2026-05-14,102087
2026041566782941,2026-05-14,52980
2026041569966781,2026-05-14,55719
2026041570822021,2026-05-14,74606
2026041571469081,2026-05-14,76186
2026041572513321,2026-05-14,105959
2026041583173001,2026-05-14,55718
2026041591539471,2026-05-14,104826
2026041811682431,2026-05-14,75456
2026041954402111,2026-05-14,105864
2026041954402121,2026-05-14,61479
2026041964254541,2026-05-14,147323
2026041938944671,2026-05-14,58646
2026041938944681,2026-05-14,105864
2026041943502241,2026-05-14,103976
2026041943502251,2026-05-14,190102
2026041948824451,2026-05-14,147322
2026042077444211,2026-05-14,63368
2026042077444221,2026-05-14,105864
2026042077444231,2026-05-14,27387
2026042012225981,2026-05-14,77344
2026042017454421,2026-05-14,105864
2026042017454431,2026-05-14,61479
2026042129167351,2026-05-14,106714
2026042144156671,2026-05-14,103976
2026042144156681,2026-05-14,190102
2026042145935681,2026-05-14,126735
2026042145935691,2026-05-14,103976
2026042339302201,2026-05-14,149212
2026042361754171,2026-05-14,455183
2026042361754181,2026-05-14,11381
2026042361754191,2026-05-14,27968
2026042361754201,2026-05-14,9645
2026042471533251,2026-05-14,105864
2026042471533261,2026-05-14,61479
2026042533864391,2026-05-14,64218
2026042657317211,2026-05-14,61479
2026042657317221,2026-05-14,105864
2026042665241561,2026-05-14,61479
2026042665241571,2026-05-14,105864
2026042796928441,2026-05-14,66106
2026043061299591,2026-05-14,82350
2026050545458721,2026-05-14,82350
2026050611673811,2026-05-14,82350
2026050614696711,2026-05-14,65481
2026050673877401,2026-05-14,187458
2026050732691281,2026-05-14,62801
2026050732691291,2026-05-14,9444
2026050732691301,2026-05-14,9444
2026050925713191,2026-05-14,66106
2026050934306191,2026-05-14,105298
2026051062063391,2026-05-14,84899
2026051073832881,2026-05-14,103220
2026051073832891,2026-05-14,60063
2026051194171601,2026-05-14,105864
2026051194171611,2026-05-14,63368
2026051194171631,2026-05-14,9444
2026051250650951,2026-05-14,81594
2026051257442011,2026-05-14,102560
2026051257442021,2026-05-14,126735
2026051258876941,2026-05-14,0
2026051260689511,2026-05-14,76967
2026051260689521,2026-05-14,9444
2026051267652821,2026-05-14,116207
2026051273074471,2026-05-14,62801
2026051273074481,2026-05-14,9444
2026051273074491,2026-05-14,27387
2026051273074501,2026-05-14,9444
2026051278278281,2026-05-14,64131
2026041442070321,2026-05-15,69412
2026041599273921,2026-05-15,117291
2026041599273931,2026-05-15,232599
2026041599273941,2026-05-15,13883
2026041510073361,2026-05-15,70828
2026041510985601,2026-05-15,61385
2026041511067441,2026-05-15,106010
2026041511067451,2026-05-15,58724
2026041512415901,2026-05-15,126735
2026041512728151,2026-05-15,63368
2026041512728161,2026-05-15,105864
2026041512728171,2026-05-15,18888
2026041578018981,2026-05-15,52981
2026041578018991,2026-05-15,102087
2026041578307451,2026-05-15,102087
2026041578307461,2026-05-15,52980
2026041584751501,2026-05-15,102087
2026041584751511,2026-05-15,52980
2026041586370411,2026-05-15,215600
2026041587970191,2026-05-15,55718
2026041588451231,2026-05-15,105959
2026041588742761,2026-05-15,55718
2026041591656221,2026-05-15,55718
2026041593265201,2026-05-15,84049
2026041593265211,2026-05-15,9444
2026041593265221,2026-05-15,4628
2026041619490591,2026-05-15,108603
2026041620366641,2026-05-15,66106
2026041620445331,2026-05-15,66106
2026041623259451,2026-05-15,112381
2026041634101651,2026-05-15,79328
2026041642595131,2026-05-15,105864
2026041642595141,2026-05-15,63368
2026041642595151,2026-05-15,9444
2026041642808581,2026-05-15,145622
2026041642808591,2026-05-15,172065
2026041647947041,2026-05-15,64218
2026041647947051,2026-05-15,9444
2026041650451291,2026-05-15,145622
2026041828798421,2026-05-15,105864
2026041828798431,2026-05-15,61479
2026041828798451,2026-05-15,4628
2026041950683531,2026-05-15,221927
2026041963042151,2026-05-15,296534
2026042071751061,2026-05-15,105864
2026042071751071,2026-05-15,61479
2026042071751081,2026-05-15,9444
2026042092406251,2026-05-15,105865
2026042092406261,2026-05-15,61480
2026042020907351,2026-05-15,151100
2026042213952961,2026-05-15,75456
2026042220168771,2026-05-15,106714
2026042533573381,2026-05-15,75550
2026042536340571,2026-05-15,64218
2026042536340581,2026-05-15,27387
2026042674405541,2026-05-15,105865
2026042674405551,2026-05-15,61479
2026042674405561,2026-05-15,9445
2026042674405571,2026-05-15,5572
2026042674405581,2026-05-15,9445
2026042674891801,2026-05-15,221927
2026042674891811,2026-05-15,16716
2026042796583591,2026-05-15,114364
2026042925134691,2026-05-15,108106
2026042925134701,2026-05-15,62781
2026043050955121,2026-05-15,108203
2026050246905021,2026-05-15,103220
2026050246905031,2026-05-15,63368
2026050374476011,2026-05-15,65481
2026050498945601,2026-05-15,124092
2026050417381591,2026-05-15,105959
2026050564543871,2026-05-15,105960
2026050698507011,2026-05-15,161677
2026051070169111,2026-05-15,62802
2026051070169121,2026-05-15,5573
2026051076601291,2026-05-15,62801
2026051122117291,2026-05-15,64131
2026051143434161,2026-05-15,105864
2026051143434171,2026-05-15,60062
2026051251841911,2026-05-15,62801
2026051260925871,2026-05-15,62801
2026051263048421,2026-05-15,62857
2026051270781571,2026-05-15,81594
2026051275066471,2026-05-15,62801
2026051313722031,2026-05-15,84899
2026051320682551,2026-05-15,108603
2026051320682561,2026-05-15,27387
2026051324123621,2026-05-15,62801
2026051334274731,2026-05-15,69789
2026033081691031,2026-05-18,69601
2026041582262291,2026-05-18,104826
2026041594110571,2026-05-18,108604
2026041623672541,2026-05-18,66106
2026041623672551,2026-05-18,9444
2026041623672561,2026-05-18,27387
2026041623672571,2026-05-18,9444
2026041625257571,2026-05-18,306354
2026041634978211,2026-05-18,108603
2026041639152481,2026-05-18,229766
2026041640320301,2026-05-18,66162
2026041640562321,2026-05-18,66106
2026041644471011,2026-05-18,64218
2026041644471021,2026-05-18,9444
2026041644471031,2026-05-18,4628
2026041644471041,2026-05-18,27387
2026041645012051,2026-05-18,104011
2026041645012061,2026-05-18,58667
2026041645647541,2026-05-18,116158
2026041649446091,2026-05-18,79328
2026041763313501,2026-05-18,79079
2026041782906211,2026-05-18,110492
2026041811429431,2026-05-18,64218
2026041823171081,2026-05-18,75456
2026041823171091,2026-05-18,9444
2026041832974041,2026-05-18,61479
2026041832974051,2026-05-18,105864
2026041941325561,2026-05-18,221927
2026042013269501,2026-05-18,227594
2026042141187321,2026-05-18,227594
2026042141187331,2026-05-18,9444
2026042274466681,2026-05-18,190139
2026042274466691,2026-05-18,103996
2026042281884941,2026-05-18,221928
2026042281884951,2026-05-18,9445
2026042663466551,2026-05-18,296533
2026042668156861,2026-05-18,221927
2026042866369341,2026-05-18,108603
2026042917973691,2026-05-18,228727
2026042990590271,2026-05-18,83011
2026050113076611,2026-05-18,63368
2026050113076621,2026-05-18,103220
2026050357148411,2026-05-18,103220
2026050357148421,2026-05-18,164321
2026050495593431,2026-05-18,126735
2026050552035301,2026-05-18,82350
2026050675808671,2026-05-18,9444
2026050740380931,2026-05-18,123430
2026050744124701,2026-05-18,83577
2026050744124711,2026-05-18,111719
2026050890128461,2026-05-18,105298
2026050810481291,2026-05-18,81594
2026050931016001,2026-05-18,103220
2026050931016011,2026-05-18,60062
2026050933184521,2026-05-18,62801
2026051065862301,2026-05-18,81594
2026051074632591,2026-05-18,105864
2026051074632601,2026-05-18,60062
2026051126857141,2026-05-18,161016
2026051269739631,2026-05-18,105298
2026051279509851,2026-05-18,105298
2026051279509861,2026-05-18,9444
2026051322902091,2026-05-18,62801
2026051324099601,2026-05-18,81594
2026051324743761,2026-05-18,113798
2026051336890931,2026-05-18,66485
2026051341753491,2026-05-18,197846
2026051389296671,2026-05-18,81594
2026051448880631,2026-05-18,109642
2026051448880641,2026-05-18,63745
2026051452275361,2026-05-18,66485
2026051461131921,2026-05-18,66484
2026051510063821,2026-05-18,9444
2026051510063831,2026-05-18,0
2026041770136411,2026-05-18,75456
2026041782433571,2026-05-18,445743
2026041787483821,2026-05-18,65578
2026041788649901,2026-05-18,108974
2026041898880471,2026-05-18,105864
2026041898880481,2026-05-18,63369
2026041898880491,2026-05-18,9445
2026041810256441,2026-05-18,145622
2026041810256451,2026-05-18,107753
2026041810842141,2026-05-18,66106
2026041810842151,2026-05-18,28332
2026041811874171,2026-05-18,106714
2026041811900451,2026-05-18,64218
2026041813167641,2026-05-18,226628
2026041813202361,2026-05-18,127491
2026041813202371,2026-05-18,19288
2026041816444221,2026-05-18,64274
2026041817535631,2026-05-18,328925
2026041818973141,2026-05-18,105864
2026041818973151,2026-05-18,61479
2026041820401591,2026-05-18,296533
2026041821269151,2026-05-18,77344
2026041823810331,2026-05-18,221927
2026041823810341,2026-05-18,37775
2026042216540721,2026-05-18,106714
2026042218743841,2026-05-18,106714
2026042289796981,2026-05-18,64218
2026042293119731,2026-05-18,112381
2026042481600081,2026-05-18,75456
2026042481600091,2026-05-18,9444
2026042493388071,2026-05-18,65578
2026042526234551,2026-05-18,66106
2026042531201711,2026-05-18,75456
2026042531201721,2026-05-18,9444
2026042654575141,2026-05-18,110492
2026042654575151,2026-05-18,9444
2026042654755611,2026-05-18,66106
2026042648353711,2026-05-18,61386
2026042790869201,2026-05-18,106714
2026043048760241,2026-05-18,64124
2026050175830071,2026-05-18,64123
2026050175830081,2026-05-18,9444
2026050110707601,2026-05-18,65482
2026050351553741,2026-05-18,105959
2026050352821561,2026-05-18,165101
2026050375247971,2026-05-18,111719
2026050375247981,2026-05-18,63368
2026050418500461,2026-05-18,82350
2026050418500471,2026-05-18,28332
2026050534477561,2026-05-18,103220
2026050534477571,2026-05-18,63368
2026050676827061,2026-05-18,9444
2026050676850791,2026-05-18,9444
2026050739871581,2026-05-18,103221
2026050739871591,2026-05-18,60063
2026050892298301,2026-05-18,103220
2026050810863411,2026-05-18,103220
2026050810863421,2026-05-18,60062
2026050949633151,2026-05-18,103221
2026050949633161,2026-05-18,60063
2026050938731321,2026-05-18,82350
2026051195710851,2026-05-18,81594
2026051110245661,2026-05-18,9444
2026051112360271,2026-05-18,64131
2026051112360281,2026-05-18,5690
2026051112360291,2026-05-18,9644
2026051112360301,2026-05-18,27967
2026051112360311,2026-05-18,9644
2026051127181111,2026-05-18,161016
2026051254569031,2026-05-18,105298
2026051254765501,2026-05-18,81594
2026051263434331,2026-05-18,66106
2026051396122501,2026-05-18,62801
2026051311682451,2026-05-18,62858
2026051321520221,2026-05-18,105864
2026051321520231,2026-05-18,60062
2026051324620211,2026-05-18,62801
2026051324620221,2026-05-18,5572
2026051324668531,2026-05-18,66106
2026051324668541,2026-05-18,5572
2026051331965441,2026-05-18,66484
2026051443175721,2026-05-18,66484
2026051463274771,2026-05-18,81594
2026051464238801,2026-05-18,66484
2026051467029261,2026-05-18,69790
2026051470826601,2026-05-18,66484
2026051584126181,2026-05-18,69790
2026051584126191,2026-05-18,9445
2026051584172891,2026-05-18,66484
2026051586122101,2026-05-18,66484
2026051586122111,2026-05-18,9444
2026051586945861,2026-05-18,81594
2026051586945871,2026-05-18,9444
2026051587519071,2026-05-18,66484
2026051587519081,2026-05-18,27387
2026051530711301,2026-05-18,9444
2026051530711311,2026-05-18,0
2026041778962811,2026-05-18,64218
2026041778962831,2026-05-18,4628
2026041781986481,2026-05-18,112381
2026041781986491,2026-05-18,4628
2026041787763801,2026-05-18,66106
2026041794414091,2026-05-18,64218
2026041794577181,2026-05-18,147322
2026041820463211,2026-05-18,64218
2026041826679981,2026-05-18,64218
2026041831177721,2026-05-18,109642
2026041831177731,2026-05-18,105864
2026041831177741,2026-05-18,61479
2026041950302621,2026-05-18,75456
2026041950302631,2026-05-18,9444
2026041965671151,2026-05-18,147322
2026041965671161,2026-05-18,9444
2026041940513881,2026-05-18,147323
2026041949337131,2026-05-18,75456
2026042162552031,2026-05-18,147322
2026042729819021,2026-05-18,86697
2026042855545431,2026-05-18,105864
2026042855545441,2026-05-18,61479
2026042922278011,2026-05-18,84899
2026042989380661,2026-05-18,64219
2026042992962581,2026-05-18,162432
2026050352026211,2026-05-18,105406
2026050352026221,2026-05-18,64710
2026050563075451,2026-05-18,105959
2026050699724641,2026-05-18,105406
2026050699724651,2026-05-18,64710
2026050699724661,2026-05-18,9645
2026050734758081,2026-05-18,9444
2026050734761681,2026-05-18,9444
2026050734764861,2026-05-18,9444
2026050876327541,2026-05-18,9444
2026050884248991,2026-05-18,81594
2026050884249001,2026-05-18,9444
2026050815019511,2026-05-18,62801
2026050927850151,2026-05-18,105298
2026050927850161,2026-05-18,9444
2026050931441711,2026-05-18,161016
2026050931727571,2026-05-18,62801
2026050931727581,2026-05-18,9444
2026051072316521,2026-05-18,81650
2026051114835641,2026-05-18,117102
2026051133395611,2026-05-18,161016
2026051134557811,2026-05-18,62801
2026051244229221,2026-05-18,62801
2026051253239231,2026-05-18,105298
2026051278839601,2026-05-18,102560
2026051278839611,2026-05-18,126736
2026051399438121,2026-05-18,62801
2026051444727771,2026-05-18,9445
2026051444780421,2026-05-18,9445
2026051444805201,2026-05-18,9445
2026051463509641,2026-05-18,66484
2026051479457031,2026-05-18,66484
2026051649413811,2026-05-18,77533
2026051649413821,2026-05-18,119086
2026051649413831,2026-05-18,9444
2026041767326131,2026-05-19,147322
2026041951934331,2026-05-19,112381
2026041951934341,2026-05-19,9444
2026041951934351,2026-05-19,9444
2026041954166701,2026-05-19,106714
2026041955529661,2026-05-19,66106
2026041960092181,2026-05-19,106714
2026041943855831,2026-05-19,108603
2026041947161561,2026-05-19,75456
2026041947472031,2026-05-19,124847
2026041947472041,2026-05-19,9445
2026041948677951,2026-05-19,108603
2026041949332721,2026-05-19,61480
2026041949332731,2026-05-19,105865
2026041949332751,2026-05-19,9445
2026042068500621,2026-05-19,76494
2026042068500631,2026-05-19,63368
2026042068545631,2026-05-19,112381
2026042069255241,2026-05-19,77344
2026042077389221,2026-05-19,77344
2026042079121421,2026-05-19,64218
2026042079121431,2026-05-19,9444
2026042079970821,2026-05-19,304088
2026042082098791,2026-05-19,64218
2026042082841381,2026-05-19,105864
2026042082841391,2026-05-19,63368
2026042082841401,2026-05-19,9444
2026042084473921,2026-05-19,77344
2026042085957411,2026-05-19,64218
2026042086266841,2026-05-19,77344
2026042086934021,2026-05-19,64219
2026042088457191,2026-05-19,151153
2026042088457201,2026-05-19,5575
2026042091825571,2026-05-19,229482
2026042092078901,2026-05-19,77344
2026042094041661,2026-05-19,227594
2026042094807231,2026-05-19,151100
2026042095821101,2026-05-19,110492
2026042099300961,2026-05-19,217394
2026042099300971,2026-05-19,54774
2026042013504771,2026-05-19,151100
2026042217558801,2026-05-19,66106
2026042217558811,2026-05-19,27387
2026042217558821,2026-05-19,5572
2026042217558831,2026-05-19,9444
2026042359855711,2026-05-19,221927
2026042479020671,2026-05-19,108604
2026042485758511,2026-05-19,143734
2026042485758521,2026-05-19,18888
2026042490827031,2026-05-19,64218
2026042521799091,2026-05-19,108604
2026042525224551,2026-05-19,106714
2026042658277281,2026-05-19,124846
2026042658277291,2026-05-19,82161
2026042674650631,2026-05-19,105864
2026042674650641,2026-05-19,74606
2026042677189191,2026-05-19,75456
2026042791562211,2026-05-19,953814
2026042791562221,2026-05-19,27388
2026042791649841,2026-05-19,953814
2026042791649851,2026-05-19,27388
2026042933907721,2026-05-19,105865
2026042933907731,2026-05-19,61479
2026043044189361,2026-05-19,114458
2026050246612571,2026-05-19,328641
2026050548631941,2026-05-19,103220
2026050548631951,2026-05-19,63368
2026050548631961,2026-05-19,114364
2026050699410901,2026-05-19,67506
2026050610539891,2026-05-19,105406
2026050610539901,2026-05-19,64710
2026050745626091,2026-05-19,62801
2026050880431361,2026-05-19,9444
2026050880496971,2026-05-19,9444
2026050892974891,2026-05-19,105298
2026050951986331,2026-05-19,105298
2026050942844951,2026-05-19,66106
2026051129241401,2026-05-19,243176
2026051136793741,2026-05-19,62801
2026051258391231,2026-05-19,105864
2026051258391241,2026-05-19,60062
2026051262039121,2026-05-19,62801
2026051265542951,2026-05-19,81594
2026051313350791,2026-05-19,62802
2026051318886801,2026-05-19,151761
2026051325124731,2026-05-19,113797
2026051325807761,2026-05-19,123430
2026051327154781,2026-05-19,62801
2026051338500081,2026-05-19,81594
2026051338500091,2026-05-19,9444
2026051449716831,2026-05-19,109075
2026051449716841,2026-05-19,9444
2026051461866951,2026-05-19,69789
2026051461946001,2026-05-19,69789
2026051462648471,2026-05-19,69789
2026051462648481,2026-05-19,9444
2026051467025821,2026-05-19,161016
2026051469011801,2026-05-19,109075
2026051471677961,2026-05-19,109642
2026051471971361,2026-05-19,66484
2026051471971371,2026-05-19,5572
2026051472377021,2026-05-19,109075
2026051476002571,2026-05-19,66485
2026051481641771,2026-05-19,66485
2026051588502111,2026-05-19,134102
2026051590152711,2026-05-19,9445
2026051590152721,2026-05-19,0
2026051595623811,2026-05-19,66484
2026051510965821,2026-05-19,112381
2026051510965831,2026-05-19,27387
2026051516898871,2026-05-19,66484
2026051517280591,2026-05-19,66485
2026051517516941,2026-05-19,9444
2026051517516951,2026-05-19,0
2026051518603801,2026-05-19,66484
2026051522252071,2026-05-19,69789
2026051522507161,2026-05-19,74228
2026051522507171,2026-05-19,238171
2026051528888801,2026-05-19,66484
2026051650190061,2026-05-19,66484
2026051657667811,2026-05-19,66484
2026051641726061,2026-05-19,81594
2026051642794381,2026-05-19,69789
2026051643704911,2026-05-19,66484
2026041381812671,2026-05-20,97271
2026041381812681,2026-05-20,9444
2026041565156781,2026-05-20,69940
2026041584504071,2026-05-20,55719
2026041653644161,2026-05-20,126735
2026041819451681,2026-05-20,147323
2026041823907921,2026-05-20,106714
2026041829660271,2026-05-20,61479
2026041829660281,2026-05-20,105864
2026041952360821,2026-05-20,75457
2026041953480571,2026-05-20,105864
2026041953480581,2026-05-20,63368
2026041955222551,2026-05-20,296533
2026042068892421,2026-05-20,64218
2026042077804761,2026-05-20,304088
2026042082367091,2026-05-20,105900
2026042082367101,2026-05-20,61501
2026042086812191,2026-05-20,106715
2026042089578991,2026-05-20,61479
2026042089579001,2026-05-20,105864
2026042090223901,2026-05-20,106714
2026042093645101,2026-05-20,77345
2026042098377101,2026-05-20,105864
2026042098377111,2026-05-20,61479
2026042013293301,2026-05-20,106714
2026042014172261,2026-05-20,304088
2026042014172271,2026-05-20,27387
2026042016670631,2026-05-20,77344
2026042019017071,2026-05-20,151100
2026042019553571,2026-05-20,64218
2026042325588201,2026-05-20,108974
2026042521113241,2026-05-20,147378
2026042525623451,2026-05-20,64218
2026042532643211,2026-05-20,75456
2026042532643221,2026-05-20,9444
2026042788033511,2026-05-20,83011
2026042865742671,2026-05-20,83011
2026042929717451,2026-05-20,87732
2026043039901471,2026-05-20,65578
2026043054275441,2026-05-20,64710
2026043054275451,2026-05-20,105407
2026043070033391,2026-05-20,161733
2026050417713551,2026-05-20,103220
2026050417713561,2026-05-20,63368
2026050419898521,2026-05-20,316837
2026050419898531,2026-05-20,103220
2026050432376141,2026-05-20,105959
2026050557443361,2026-05-20,105959
2026050625417241,2026-05-20,81594
2026050629297111,2026-05-20,66107
2026050629297121,2026-05-20,5573
2026050629297131,2026-05-20,9445
2026051244855801,2026-05-20,123430
2026051394760221,2026-05-20,9444
2026051335958971,2026-05-20,66484
2026051455753491,2026-05-20,81650
2026051456848601,2026-05-20,66540
2026051463195351,2026-05-20,66484
2026051463302691,2026-05-20,66484
2026051463544111,2026-05-20,69789
2026051466978331,2026-05-20,66484
2026051468167801,2026-05-20,83323
2026051469266141,2026-05-20,81594
2026051470538531,2026-05-20,328641
2026051472741521,2026-05-20,66484
2026051474280871,2026-05-20,109075
2026051478527491,2026-05-20,66484
2026051478527501,2026-05-20,9444
2026051479207011,2026-05-20,109642
2026051479207021,2026-05-20,63745
2026051586366971,2026-05-20,109642
2026051586366981,2026-05-20,63745
2026051596304011,2026-05-20,130796
2026051512446111,2026-05-20,69789
2026051650840151,2026-05-20,109076
2026051640734571,2026-05-20,109076
2026051641061521,2026-05-20,66484
2026051643137391,2026-05-20,69789
2026051644738581,2026-05-20,66484
2026051762195451,2026-05-20,69789
2026051764759721,2026-05-20,81595
2026051777636001,2026-05-20,72150
2026051794025801,2026-05-20,119086
2026051794025811,2026-05-20,69412
2026051794025821,2026-05-20,27387
2026041810813881,2026-05-21,445743
2026041945731771,2026-05-21,106714
2026042095920291,2026-05-21,61479
2026042095920301,2026-05-21,105864
2026042098575191,2026-05-21,110492
2026042010195281,2026-05-21,151100
2026042016338371,2026-05-21,61479
2026042016338381,2026-05-21,105864
2026042128652221,2026-05-21,107753
2026042128652231,2026-05-21,162621
2026042128652241,2026-05-21,9444
2026042130080411,2026-05-21,304089
2026042137923931,2026-05-21,61479
2026042137923941,2026-05-21,105864
2026042137923951,2026-05-21,9444
2026042143246621,2026-05-21,109642
2026042143246631,2026-05-21,145622
2026042143246641,2026-05-21,18888
2026042160262201,2026-05-21,221927
2026042299528261,2026-05-21,105864
2026042275215151,2026-05-21,296534
2026042279838361,2026-05-21,108603
2026042279838371,2026-05-21,5572
2026042283831811,2026-05-21,105864
2026042283831821,2026-05-21,61479
2026042285293561,2026-05-21,296533
2026042292840221,2026-05-21,217394
2026042646387461,2026-05-21,147323
2026042797974921,2026-05-21,61479
2026042797974931,2026-05-21,105864
2026042847670821,2026-05-21,106715
2026042996936231,2026-05-21,105864
2026042996936241,2026-05-21,63368
2026042927191161,2026-05-21,106714
2026042927191171,2026-05-21,5572
2026043054154501,2026-05-21,84094
2026043062976901,2026-05-21,114458
2026043062976911,2026-05-21,27387
2026050197632661,2026-05-21,103220
2026050197632671,2026-05-21,63368
2026050413392441,2026-05-21,82350
2026050699475161,2026-05-21,105959
2026050682495351,2026-05-21,64123
2026051058378791,2026-05-21,105298
2026051198312551,2026-05-21,66107
2026051198312561,2026-05-21,9444
2026051198312571,2026-05-21,5573
2026051131606701,2026-05-21,60062
2026051131606711,2026-05-21,105864
2026051131606721,2026-05-21,9444
2026051131606731,2026-05-21,5572
2026051139766851,2026-05-21,113797
2026051255946241,2026-05-21,105298
2026051396863501,2026-05-21,63368
2026051396863511,2026-05-21,105864
2026051327962761,2026-05-21,102559
2026051327962771,2026-05-21,134102
2026051333448561,2026-05-21,111386
2026051392498601,2026-05-21,9444
2026051392514951,2026-05-21,9444
2026051451858651,2026-05-21,81594
2026051456221161,2026-05-21,63746
2026051456221171,2026-05-21,109642
2026051463522741,2026-05-21,69789
2026051463522751,2026-05-21,9444
2026051466368711,2026-05-21,109076
2026051466368721,2026-05-21,5573
2026051475863461,2026-05-21,109642
2026051475863471,2026-05-21,67051
2026051592806771,2026-05-21,67051
2026051592806781,2026-05-21,109642
2026051515965611,2026-05-21,66484
2026051520092391,2026-05-21,81594
2026051522041851,2026-05-21,109642
2026051522041861,2026-05-21,67051
2026051522122841,2026-05-21,66484
2026051649460781,2026-05-21,66484
2026051767451871,2026-05-21,109075
2026051767451891,2026-05-21,9444
2026051767451901,2026-05-21,5572
2026051772268761,2026-05-21,75457
2026051778978871,2026-05-21,91038
2026051778978881,2026-05-21,9444
2026051828748541,2026-05-21,75456
2026052016092641,2026-05-21,9444
2026052016830261,2026-05-21,9444
2026041248005451,2026-05-22,50393
2026042137843841,2026-05-22,77345
2026042137843851,2026-05-22,37775
2026042222648061,2026-05-22,106714
2026042222648071,2026-05-22,5572
2026042289960351,2026-05-22,66106
2026042295471341,2026-05-22,108603
2026042328917311,2026-05-22,106714
2026042338452001,2026-05-22,75456
2026042338452011,2026-05-22,5572
2026042338452021,2026-05-22,9444
2026042344331971,2026-05-22,223816
2026042797953071,2026-05-22,66106
2026042797953081,2026-05-22,9445
2026042723701381,2026-05-22,129419
2026042841944261,2026-05-22,64218
2026042841944271,2026-05-22,9444
2026050369861551,2026-05-22,64710
2026050369861561,2026-05-22,105406
2026050380629291,2026-05-22,105406
2026050380629301,2026-05-22,64710
2026050489328891,2026-05-22,64123
2026050493795831,2026-05-22,106998
2026050493795841,2026-05-22,246481
2026050550432211,2026-05-22,165101
2026050626939031,2026-05-22,62801
2026050688059421,2026-05-22,103255
2026050688059431,2026-05-22,63390
2026050734497231,2026-05-22,105298
2026050735692791,2026-05-22,64131
2026051120682351,2026-05-22,64710
2026051120682361,2026-05-22,108106
2026051249503331,2026-05-22,62801
2026051275165061,2026-05-22,62801
2026051276817821,2026-05-22,83322
2026051279989211,2026-05-22,62801
2026051337062821,2026-05-22,81594
2026051337595651,2026-05-22,109075
2026051337595661,2026-05-22,9444
2026051450426551,2026-05-22,63746
2026051450426561,2026-05-22,109642
2026051465561011,2026-05-22,81594
2026051465561021,2026-05-22,9444
2026051469314311,2026-05-22,80272
2026051477935021,2026-05-22,109131
2026051480637241,2026-05-22,66484
2026051482778931,2026-05-22,66484
2026051482778941,2026-05-22,27387
2026051523214011,2026-05-22,109075
2026051530041891,2026-05-22,112381
2026051655641941,2026-05-22,66484
2026051638774121,2026-05-22,161016
2026051643539271,2026-05-22,66484
2026051644294901,2026-05-22,66645
2026051644714691,2026-05-22,243176
2026051763119491,2026-05-22,66484
2026051765004181,2026-05-22,81594
2026051773647971,2026-05-22,118519
2026051774765981,2026-05-22,72150
2026051776412261,2026-05-22,9444
2026051776412271,2026-05-22,0
2026051779309391,2026-05-22,91038
2026051817471341,2026-05-22,91039
2026051833868111,2026-05-22,72151
2026051993082071,2026-05-22,9444
2026051993082081,2026-05-22,0
2026051955003481,2026-05-22,183208
2026051978538691,2026-05-22,72150
2026052016488261,2026-05-22,9444
2026052028117841,2026-05-22,9444
2026052028117851,2026-05-22,0
